county_name,county_name2,county_city,prov_code,prov_name,city_code,city_name,year2017
井陉县,井陉县,130121,13,河北省,1301,石家庄市,104.6508315
正定县,正定县,130123,13,河北省,1301,石家庄市,111.4922919
行唐县,行唐县,130125,13,河北省,1301,石家庄市,100.492792
灵寿县,灵寿县,130126,13,河北省,1301,石家庄市,103.3969674
高邑县,高邑县,130127,13,河北省,1301,石家庄市,106.3561324
深泽县,深泽县,130128,13,河北省,1301,石家庄市,100.4015953
赞皇县,赞皇县,130129,13,河北省,1301,石家庄市,103.3815891
无极县,无极县,130130,13,河北省,1301,石家庄市,101.6806951
平山县,平山县,130131,13,河北省,1301,石家庄市,104.1362628
元氏县,元氏县,130132,13,河北省,1301,石家庄市,104.8513785
赵县,赵县,130133,13,河北省,1301,石家庄市,102.1715112
滦县,滦县,130223,13,河北省,1302,唐山市,101.0357888
滦南县,滦南县,130224,13,河北省,1302,唐山市,103.9167056
乐亭县,乐亭县,130225,13,河北省,1302,唐山市,109.1212829
迁西县,迁西县,130227,13,河北省,1302,唐山市,101.098061
玉田县,玉田县,130229,13,河北省,1302,唐山市,103.9229038
青龙满族自治县,青龙满族自治县,130321,13,河北省,1303,秦皇岛市,98.66855265
昌黎县,昌黎县,130322,13,河北省,1303,秦皇岛市,105.3758143
卢龙县,卢龙县,130324,13,河北省,1303,秦皇岛市,99.05520657
邯郸县,邯郸县,130421,13,河北省,1304,邯郸市,116.0144755
临漳县,临漳县,130423,13,河北省,1304,邯郸市,99.20898613
成安县,成安县,130424,13,河北省,1304,邯郸市,100.8300716
大名县,大名县,130425,13,河北省,1304,邯郸市,100.5424778
涉县,涉县,130426,13,河北省,1304,邯郸市,108.3838265
磁县,磁县,130427,13,河北省,1304,邯郸市,103.744171
邱县,邱县,130430,13,河北省,1304,邯郸市,100.7796077
鸡泽县,鸡泽县,130431,13,河北省,1304,邯郸市,101.1033402
广平县,广平县,130432,13,河北省,1304,邯郸市,102.5164412
馆陶县,馆陶县,130433,13,河北省,1304,邯郸市,105.7547502
魏县,魏县,130434,13,河北省,1304,邯郸市,98.88854226
曲周县,曲周县,130435,13,河北省,1304,邯郸市,100.1113564
邢台县,邢台县,130521,13,河北省,1305,邢台市,104.5529099
临城县,临城县,130522,13,河北省,1305,邢台市,101.857791
内丘县,内丘县,130523,13,河北省,1305,邢台市,105.2340497
柏乡县,柏乡县,130524,13,河北省,1305,邢台市,102.0345071
隆尧县,隆尧县,130525,13,河北省,1305,邢台市,103.9729231
任县,任县,130526,13,河北省,1305,邢台市,102.5718948
南和县,南和县,130527,13,河北省,1305,邢台市,102.0169393
宁晋县,宁晋县,130528,13,河北省,1305,邢台市,101.2575381
巨鹿县,巨鹿县,130529,13,河北省,1305,邢台市,100.8065413
新河县,新河县,130530,13,河北省,1305,邢台市,102.9511922
平乡县,平乡县,130532,13,河北省,1305,邢台市,100.1128943
威县,威县,130533,13,河北省,1305,邢台市,99.06617406
清河县,清河县,130534,13,河北省,1305,邢台市,104.3359662
临西县,临西县,130535,13,河北省,1305,邢台市,102.4841421
涞水县,涞水县,130623,13,河北省,1306,保定市,105.1397974
阜平县,阜平县,130624,13,河北省,1306,保定市,103.1971504
定兴县,定兴县,130626,13,河北省,1306,保定市,102.767887
唐县,唐县,130627,13,河北省,1306,保定市,100.062321
高阳县,高阳县,130628,13,河北省,1306,保定市,104.9591104
容城县,容城县,130629,13,河北省,1306,保定市,105.48394
涞源县,涞源县,130630,13,河北省,1306,保定市,103.4076395
望都县,望都县,130631,13,河北省,1306,保定市,103.8392594
安新县,安新县,130632,13,河北省,1306,保定市,109.3518321
易县,易县,130633,13,河北省,1306,保定市,102.9672655
曲阳县,曲阳县,130634,13,河北省,1306,保定市,101.94998
蠡县,蠡县,130635,13,河北省,1306,保定市,101.5412368
顺平县,顺平县,130636,13,河北省,1306,保定市,103.0693979
博野县,博野县,130637,13,河北省,1306,保定市,100.6171653
雄县,雄县,130638,13,河北省,1306,保定市,107.0506161
张北县,张北县,130722,13,河北省,1307,张家口市,106.2396687
康保县,康保县,130723,13,河北省,1307,张家口市,99.01106788
沽源县,沽源县,130724,13,河北省,1307,张家口市,103.5631202
尚义县,尚义县,130725,13,河北省,1307,张家口市,97.64685364
蔚县,蔚县,130726,13,河北省,1307,张家口市,102.1864727
阳原县,阳原县,130727,13,河北省,1307,张家口市,101.3246545
怀安县,怀安县,130728,13,河北省,1307,张家口市,105.2678977
怀来县,怀来县,130730,13,河北省,1307,张家口市,108.7260163
赤城县,赤城县,130732,13,河北省,1307,张家口市,101.2350253
承德县,承德县,130821,13,河北省,1308,承德市,104.7663911
兴隆县,兴隆县,130822,13,河北省,1308,承德市,104.8557158
隆化县,隆化县,130825,13,河北省,1308,承德市,101.2144349
丰宁满族自治县,丰宁满族自治县,130826,13,河北省,1308,承德市,103.603741
宽城满族自治县,宽城满族自治县,130827,13,河北省,1308,承德市,102.7964294
围场满族蒙古族自治县,围场满族蒙古族自治县,130828,13,河北省,1308,承德市,101.0131195
沧县,沧县,130921,13,河北省,1309,沧州市,99.58652116
青县,青县,130922,13,河北省,1309,沧州市,105.1607425
东光县,东光县,130923,13,河北省,1309,沧州市,100.9395033
海兴县,海兴县,130924,13,河北省,1309,沧州市,100.4670545
盐山县,盐山县,130925,13,河北省,1309,沧州市,102.0888091
肃宁县,肃宁县,130926,13,河北省,1309,沧州市,102.7012067
南皮县,南皮县,130927,13,河北省,1309,沧州市,99.84974001
吴桥县,吴桥县,130928,13,河北省,1309,沧州市,99.02385928
献县,献县,130929,13,河北省,1309,沧州市,98.62614781
孟村回族自治县,孟村回族自治县,130930,13,河北省,1309,沧州市,101.9187658
固安县,固安县,131022,13,河北省,1310,廊坊市,113.5905105
永清县,永清县,131023,13,河北省,1310,廊坊市,105.5323278
香河县,香河县,131024,13,河北省,1310,廊坊市,114.6404269
大城县,大城县,131025,13,河北省,1310,廊坊市,102.9722209
文安县,文安县,131026,13,河北省,1310,廊坊市,103.7808772
大厂回族自治县,大厂回族自治县,131028,13,河北省,1310,廊坊市,118.099369
枣强县,枣强县,131121,13,河北省,1311,衡水市,104.4945835
武邑县,武邑县,131122,13,河北省,1311,衡水市,101.978761
武强县,武强县,131123,13,河北省,1311,衡水市,99.74304206
饶阳县,饶阳县,131124,13,河北省,1311,衡水市,96.21820999
安平县,安平县,131125,13,河北省,1311,衡水市,106.7615993
故城县,故城县,131126,13,河北省,1311,衡水市,101.7614452
景县,景县,131127,13,河北省,1311,衡水市,101.2651042
阜城县,阜城县,131128,13,河北省,1311,衡水市,98.89990107
清徐县,清徐县,140121,14,山西省,1401,太原市,108.2168362
阳曲县,阳曲县,140122,14,山西省,1401,太原市,105.7523915
娄烦县,娄烦县,140123,14,山西省,1401,太原市,105.7032702
阳高县,阳高县,140221,14,山西省,1402,大同市,99.94491536
天镇县,天镇县,140222,14,山西省,1402,大同市,99.07916599
广灵县,广灵县,140223,14,山西省,1402,大同市,99.47330176
灵丘县,灵丘县,140224,14,山西省,1402,大同市,102.8789157
浑源县,浑源县,140225,14,山西省,1402,大同市,101.749354
左云县,左云县,140226,14,山西省,1402,大同市,104.6354447
平定县,平定县,140321,14,山西省,1403,阳泉市,106.4318659
盂县,盂县,140322,14,山西省,1403,阳泉市,106.2587432
长治县,长治县,140421,14,山西省,1404,长治市,104.5316714
襄垣县,襄垣县,140423,14,山西省,1404,长治市,110.5493661
屯留县,屯留县,140424,14,山西省,1404,长治市,104.563316
平顺县,平顺县,140425,14,山西省,1404,长治市,101.2150143
黎城县,黎城县,140426,14,山西省,1404,长治市,104.6266389
壶关县,壶关县,140427,14,山西省,1404,长治市,107.9135894
长子县,长子县,140428,14,山西省,1404,长治市,104.4148808
武乡县,武乡县,140429,14,山西省,1404,长治市,116.8076675
沁县,沁县,140430,14,山西省,1404,长治市,100.7480681
沁源县,沁源县,140431,14,山西省,1404,长治市,106.3977246
沁水县,沁水县,140521,14,山西省,1405,晋城市,112.2109031
阳城县,阳城县,140522,14,山西省,1405,晋城市,108.876359
陵川县,陵川县,140524,14,山西省,1405,晋城市,104.4373391
泽州县,泽州县,140525,14,山西省,1405,晋城市,107.3364123
山阴县,山阴县,140621,14,山西省,1406,朔州市,103.8930278
应县,应县,140622,14,山西省,1406,朔州市,100.5141686
右玉县,右玉县,140623,14,山西省,1406,朔州市,103.6567539
榆社县,榆社县,140721,14,山西省,1407,晋中市,103.813555
左权县,左权县,140722,14,山西省,1407,晋中市,107.1060584
和顺县,和顺县,140723,14,山西省,1407,晋中市,105.5325995
昔阳县,昔阳县,140724,14,山西省,1407,晋中市,105.5917627
寿阳县,寿阳县,140725,14,山西省,1407,晋中市,107.9836571
太谷县,太谷县,140726,14,山西省,1407,晋中市,111.2936094
祁县,祁县,140727,14,山西省,1407,晋中市,106.2549891
平遥县,平遥县,140728,14,山西省,1407,晋中市,105.68957
灵石县,灵石县,140729,14,山西省,1407,晋中市,110.4796555
临猗县,临猗县,140821,14,山西省,1408,运城市,104.7715981
万荣县,万荣县,140822,14,山西省,1408,运城市,105.9225465
闻喜县,闻喜县,140823,14,山西省,1408,运城市,105.7369664
稷山县,稷山县,140824,14,山西省,1408,运城市,106.6616067
新绛县,新绛县,140825,14,山西省,1408,运城市,107.3691588
绛县,绛县,140826,14,山西省,1408,运城市,109.0557665
垣曲县,垣曲县,140827,14,山西省,1408,运城市,110.5356294
夏县,夏县,140828,14,山西省,1408,运城市,105.124179
平陆县,平陆县,140829,14,山西省,1408,运城市,108.5916069
芮城县,芮城县,140830,14,山西省,1408,运城市,105.8471596
定襄县,定襄县,140921,14,山西省,1409,忻州市,103.6664868
五台县,五台县,140922,14,山西省,1409,忻州市,103.7006578
代县,代县,140923,14,山西省,1409,忻州市,105.6551188
繁峙县,繁峙县,140924,14,山西省,1409,忻州市,105.353198
宁武县,宁武县,140925,14,山西省,1409,忻州市,109.0883528
静乐县,静乐县,140926,14,山西省,1409,忻州市,105.1947759
神池县,神池县,140927,14,山西省,1409,忻州市,107.4508248
五寨县,五寨县,140928,14,山西省,1409,忻州市,106.3119568
岢岚县,岢岚县,140929,14,山西省,1409,忻州市,109.3012355
河曲县,河曲县,140930,14,山西省,1409,忻州市,108.2777667
保德县,,140931,14,山西省,1409,忻州市,106.9035468
偏关县,偏关县,140932,14,山西省,1409,忻州市,102.7246343
曲沃县,曲沃县,141021,14,山西省,1410,临汾市,107.5110037
翼城县,翼城县,141022,14,山西省,1410,临汾市,105.9858268
襄汾县,襄汾县,141023,14,山西省,1410,临汾市,103.8045382
洪洞县,洪洞县,141024,14,山西省,1410,临汾市,104.6122441
古县,古县,141025,14,山西省,1410,临汾市,107.1537744
安泽县,安泽县,141026,14,山西省,1410,临汾市,107.0694818
浮山县,浮山县,141027,14,山西省,1410,临汾市,103.9012061
吉县,吉县,141028,14,山西省,1410,临汾市,103.8097635
乡宁县,乡宁县,141029,14,山西省,1410,临汾市,105.5703341
大宁县,大宁县,141030,14,山西省,1410,临汾市,105.4863201
隰县,隰县,141031,14,山西省,1410,临汾市,104.0477117
永和县,永和县,141032,14,山西省,1410,临汾市,102.903511
蒲县,蒲县,141033,14,山西省,1410,临汾市,105.6962746
汾西县,汾西县,141034,14,山西省,1410,临汾市,98.35814532
文水县,文水县,141121,14,山西省,1411,吕梁市,105.6127137
交城县,交城县,141122,14,山西省,1411,吕梁市,106.2508096
兴县,兴县,141123,14,山西省,1411,吕梁市,102.4234977
临县,临县,141124,14,山西省,1411,吕梁市,100.0919707
柳林县,柳林县,141125,14,山西省,1411,吕梁市,105.3379403
石楼县,石楼县,141126,14,山西省,1411,吕梁市,100.0067388
岚县,岚县,141127,14,山西省,1411,吕梁市,100.8693203
方山县,方山县,141128,14,山西省,1411,吕梁市,102.651249
中阳县,中阳县,141129,14,山西省,1411,吕梁市,106.8517714
交口县,交口县,141130,14,山西省,1411,吕梁市,107.3544429
托克托县,托克托县,150122,15,内蒙古自治区,1501,呼和浩特市,102.6751449
和林格尔县,和林格尔县,150123,15,内蒙古自治区,1501,呼和浩特市,120.5061643
清水河县,清水河县,150124,15,内蒙古自治区,1501,呼和浩特市,100.0148459
武川县,武川县,150125,15,内蒙古自治区,1501,呼和浩特市,111.1272241
固阳县,固阳县,150222,15,内蒙古自治区,1502,包头市,114.3488365
林西县,林西县,150424,15,内蒙古自治区,1504,赤峰市,101.2790484
宁城县,宁城县,150429,15,内蒙古自治区,1504,赤峰市,95.82831423
开鲁县,开鲁县,150523,15,内蒙古自治区,1505,通辽市,97.32635813
五原县,五原县,150821,15,内蒙古自治区,1508,巴彦淖尔市,109.7818816
磴口县,磴口县,150822,15,内蒙古自治区,1508,巴彦淖尔市,118.1827534
卓资县,卓资县,150921,15,内蒙古自治区,1509,乌兰察布市,98.29209086
化德县,化德县,150922,15,内蒙古自治区,1509,乌兰察布市,112.3279397
商都县,商都县,150923,15,内蒙古自治区,1509,乌兰察布市,107.0209901
兴和县,兴和县,150924,15,内蒙古自治区,1509,乌兰察布市,98.14378551
凉城县,凉城县,150925,15,内蒙古自治区,1509,乌兰察布市,98.91460178
突泉县,突泉县,152224,15,内蒙古自治区,1522,兴安盟,106.5378432
多伦县,多伦县,152531,15,内蒙古自治区,1525,锡林郭勒盟,105.6593022
康平县,康平县,210123,21,辽宁省,2101,沈阳市,101.0980283
法库县,法库县,210124,21,辽宁省,2101,沈阳市,102.043284
长海县,长海县,210224,21,辽宁省,2102,大连市,109.1655554
台安县,台安县,210321,21,辽宁省,2103,鞍山市,100.5611156
岫岩满族自治县,岫岩满族自治县,210323,21,辽宁省,2103,鞍山市,99.71802265
抚顺县,抚顺县,210421,21,辽宁省,2104,抚顺市,94.54658767
新宾满族自治县,新宾满族自治县,210422,21,辽宁省,2104,抚顺市,101.3888973
清原满族自治县,清原满族自治县,210423,21,辽宁省,2104,抚顺市,103.6548248
本溪满族自治县,本溪满族自治县,210521,21,辽宁省,2105,本溪市,106.0870704
桓仁满族自治县,桓仁满族自治县,210522,21,辽宁省,2105,本溪市,102.6658773
宽甸满族自治县,宽甸满族自治县,210624,21,辽宁省,2106,丹东市,99.88785313
黑山县,黑山县,210726,21,辽宁省,2107,锦州市,99.28729033
义县,义县,210727,21,辽宁省,2107,锦州市,98.17344571
阜新蒙古族自治县,阜新蒙古族自治县,210921,21,辽宁省,2109,阜新市,95.10282227
彰武县,彰武县,210922,21,辽宁省,2109,阜新市,98.29202836
辽阳县,辽阳县,211021,21,辽宁省,2110,辽阳市,99.67544146
盘山县,盘山县,211122,21,辽宁省,2111,盘锦市,99.68452658
铁岭县,铁岭县,211221,21,辽宁省,2112,铁岭市,105.9580453
西丰县,西丰县,211223,21,辽宁省,2112,铁岭市,99.08258586
昌图县,昌图县,211224,21,辽宁省,2112,铁岭市,95.7234796
朝阳县,朝阳县,211321,21,辽宁省,2113,朝阳市,91.17143718
建平县,建平县,211322,21,辽宁省,2113,朝阳市,99.74824455
喀喇沁左翼蒙古族自治县,,211324,21,辽宁省,2113,朝阳市,103.1805449
绥中县,绥中县,211421,21,辽宁省,2114,葫芦岛市,104.3395558
建昌县,建昌县,211422,21,辽宁省,2114,葫芦岛市,94.2487584
农安县,农安县,220122,22,吉林省,2201,长春市,96.72159404
永吉县,永吉县,220221,22,吉林省,2202,吉林市,102.1367668
梨树县,梨树县,220322,22,吉林省,2203,四平市,97.79985484
伊通满族自治县,伊通满族自治县,220323,22,吉林省,2203,四平市,98.76207426
东丰县,东丰县,220421,22,吉林省,2204,辽源市,101.4813117
东辽县,东辽县,220422,22,吉林省,2204,辽源市,93.29970069
通化县,通化县,220521,22,吉林省,2205,通化市,103.1671124
辉南县,辉南县,220523,22,吉林省,2205,通化市,103.0804067
柳河县,柳河县,220524,22,吉林省,2205,通化市,100.8087485
抚松县,抚松县,220621,22,吉林省,2206,白山市,108.5875404
靖宇县,靖宇县,220622,22,吉林省,2206,白山市,103.9117351
长白朝鲜族自治县,长白朝鲜族自治县,220623,22,吉林省,2206,白山市,106.816588
前郭尔罗斯蒙古族自治县,,220721,22,吉林省,2207,松原市,100.4129537
长岭县,长岭县,220722,22,吉林省,2207,松原市,97.58444674
乾安县,乾安县,220723,22,吉林省,2207,松原市,101.2392071
通榆县,通榆县,220822,22,吉林省,2208,白城市,100.5752374
汪清县,汪清县,222424,22,吉林省,2224,延边朝鲜族自治州,103.9926674
安图县,安图县,222426,22,吉林省,2224,延边朝鲜族自治州,110.595855
依兰县,依兰县,230123,23,黑龙江省,2301,哈尔滨市,101.1299582
方正县,方正县,230124,23,黑龙江省,2301,哈尔滨市,102.026193
宾县,宾县,230125,23,黑龙江省,2301,哈尔滨市,101.7323213
巴彦县,巴彦县,230126,23,黑龙江省,2301,哈尔滨市,98.27371219
木兰县,木兰县,230127,23,黑龙江省,2301,哈尔滨市,98.23427453
通河县,通河县,230128,23,黑龙江省,2301,哈尔滨市,102.1882605
延寿县,延寿县,230129,23,黑龙江省,2301,哈尔滨市,104.3917909
龙江县,龙江县,230221,23,黑龙江省,2302,齐齐哈尔市,98.62821669
依安县,依安县,230223,23,黑龙江省,2302,齐齐哈尔市,96.93628103
泰来县,泰来县,230224,23,黑龙江省,2302,齐齐哈尔市,101.3360599
甘南县,甘南县,230225,23,黑龙江省,2302,齐齐哈尔市,97.69945343
富裕县,富裕县,230227,23,黑龙江省,2302,齐齐哈尔市,101.3574806
克山县,克山县,230229,23,黑龙江省,2302,齐齐哈尔市,98.47104907
克东县,克东县,230230,23,黑龙江省,2302,齐齐哈尔市,97.50045231
拜泉县,拜泉县,230231,23,黑龙江省,2302,齐齐哈尔市,97.91025106
鸡东县,鸡东县,230321,23,黑龙江省,2303,鸡西市,100.053557
萝北县,萝北县,230421,23,黑龙江省,2304,鹤岗市,111.0346567
绥滨县,绥滨县,230422,23,黑龙江省,2304,鹤岗市,102.7902554
集贤县,集贤县,230521,23,黑龙江省,2305,双鸭山市,104.5345973
友谊县,友谊县,230522,23,黑龙江省,2305,双鸭山市,111.5733253
宝清县,宝清县,230523,23,黑龙江省,2305,双鸭山市,105.315995
饶河县,饶河县,230524,23,黑龙江省,2305,双鸭山市,108.838478
肇州县,肇州县,230621,23,黑龙江省,2306,大庆市,100.7591694
肇源县,肇源县,230622,23,黑龙江省,2306,大庆市,103.6259525
林甸县,林甸县,230623,23,黑龙江省,2306,大庆市,100.3552449
杜尔伯特蒙古族自治县,杜尔伯特蒙古族自治县,230624,23,黑龙江省,2306,大庆市,102.068482
嘉荫县,嘉荫县,230722,23,黑龙江省,2307,伊春市,107.1335435
桦南县,桦南县,230822,23,黑龙江省,2308,佳木斯市,102.2040621
桦川县,桦川县,230826,23,黑龙江省,2308,佳木斯市,101.6036851
汤原县,汤原县,230828,23,黑龙江省,2308,佳木斯市,101.1430032
勃利县,勃利县,230921,23,黑龙江省,2309,七台河市,102.4233816
林口县,林口县,231025,23,黑龙江省,2310,牡丹江市,99.72231707
嫩江县,,231121,23,黑龙江省,2311,黑河市,104.1554096
逊克县,逊克县,231123,23,黑龙江省,2311,黑河市,106.0542512
孙吴县,孙吴县,231124,23,黑龙江省,2311,黑河市,103.6899123
望奎县,望奎县,231221,23,黑龙江省,2312,绥化市,97.27983545
兰西县,兰西县,231222,23,黑龙江省,2312,绥化市,98.49622521
青冈县,青冈县,231223,23,黑龙江省,2312,绥化市,97.08510118
庆安县,庆安县,231224,23,黑龙江省,2312,绥化市,99.88485236
明水县,明水县,231225,23,黑龙江省,2312,绥化市,100.2150889
绥棱县,绥棱县,231226,23,黑龙江省,2312,绥化市,100.6317739
呼玛县,呼玛县,232721,23,黑龙江省,2327,大兴安岭地区,107.494326
塔河县,塔河县,232722,23,黑龙江省,2327,大兴安岭地区,106.1908682
丰县,丰县,320321,32,江苏省,3203,徐州市,107.9434292
沛县,沛县,320322,32,江苏省,3203,徐州市,109.3943992
睢宁县,睢宁县,320324,32,江苏省,3203,徐州市,108.5813209
如东县,如东县,320623,32,江苏省,3206,南通市,115.1849832
东海县,东海县,320722,32,江苏省,3207,连云港市,111.6592209
灌云县,灌云县,320723,32,江苏省,3207,连云港市,109.0682673
灌南县,灌南县,320724,32,江苏省,3207,连云港市,111.6853152
涟水县,涟水县,320826,32,江苏省,3208,淮安市,109.6740102
盱眙县,盱眙县,320830,32,江苏省,3208,淮安市,113.1665147
金湖县,金湖县,320831,32,江苏省,3208,淮安市,115.8026554
响水县,响水县,320921,32,江苏省,3209,盐城市,113.3994744
滨海县,滨海县,320922,32,江苏省,3209,盐城市,111.9389803
阜宁县,阜宁县,320923,32,江苏省,3209,盐城市,112.1881662
射阳县,射阳县,320924,32,江苏省,3209,盐城市,113.0445159
建湖县,建湖县,320925,32,江苏省,3209,盐城市,114.4196929
宝应县,宝应县,321023,32,江苏省,3210,扬州市,113.8793485
泗阳县,泗阳县,321323,32,江苏省,3213,宿迁市,110.7448382
泗洪县,泗洪县,321324,32,江苏省,3213,宿迁市,111.1659922
桐庐县,桐庐县,330122,33,浙江省,3301,杭州市,123.4205479
淳安县,淳安县,330127,33,浙江省,3301,杭州市,119.7114974
象山县,象山县,330225,33,浙江省,3302,宁波市,121.5613311
宁海县,宁海县,330226,33,浙江省,3302,宁波市,121.0597751
永嘉县,永嘉县,330324,33,浙江省,3303,温州市,123.1637382
平阳县,平阳县,330326,33,浙江省,3303,温州市,121.9603713
苍南县,苍南县,330327,33,浙江省,3303,温州市,123.0996259
文成县,文成县,330328,33,浙江省,3303,温州市,117.6782566
泰顺县,泰顺县,330329,33,浙江省,3303,温州市,120.9916223
嘉善县,嘉善县,330421,33,浙江省,3304,嘉兴市,124.0135142
海盐县,海盐县,330424,33,浙江省,3304,嘉兴市,122.5047019
德清县,德清县,330521,33,浙江省,3305,湖州市,124.1840331
长兴县,长兴县,330522,33,浙江省,3305,湖州市,120.2348202
安吉县,安吉县,330523,33,浙江省,3305,湖州市,121.9143489
新昌县,新昌县,330624,33,浙江省,3306,绍兴市,120.0597591
武义县,武义县,330723,33,浙江省,3307,金华市,117.9740703
浦江县,浦江县,330726,33,浙江省,3307,金华市,117.329254
磐安县,磐安县,330727,33,浙江省,3307,金华市,115.9390802
常山县,常山县,330822,33,浙江省,3308,衢州市,117.9288439
开化县,开化县,330824,33,浙江省,3308,衢州市,116.5180631
龙游县,龙游县,330825,33,浙江省,3308,衢州市,118.8065061
岱山县,岱山县,330921,33,浙江省,3309,舟山市,119.2143041
嵊泗县,嵊泗县,330922,33,浙江省,3309,舟山市,119.9828827
三门县,三门县,331022,33,浙江省,3310,台州市,118.7659163
天台县,天台县,331023,33,浙江省,3310,台州市,117.6538496
仙居县,仙居县,331024,33,浙江省,3310,台州市,118.398244
青田县,青田县,331121,33,浙江省,3311,丽水市,116.2324332
遂昌县,遂昌县,331123,33,浙江省,3311,丽水市,117.3183426
松阳县,松阳县,331124,33,浙江省,3311,丽水市,118.6404562
云和县,云和县,331125,33,浙江省,3311,丽水市,114.8715121
庆元县,庆元县,331126,33,浙江省,3311,丽水市,114.9857058
景宁畲族自治县,景宁畲族自治县,331127,33,浙江省,3311,丽水市,115.0361677
长丰县,长丰县,340121,34,安徽省,3401,合肥市,116.7288429
肥东县,肥东县,340122,34,安徽省,3401,合肥市,114.8202992
肥西县,肥西县,340123,34,安徽省,3401,合肥市,120.940221
庐江县,庐江县,340124,34,安徽省,3401,合肥市,111.645354
芜湖县,芜湖县,340221,34,安徽省,3402,芜湖市,117.0123011
繁昌县,繁昌县,340222,34,安徽省,3402,芜湖市,114.2153418
南陵县,南陵县,340223,34,安徽省,3402,芜湖市,113.4271982
无为县,无为县,340225,34,安徽省,3402,芜湖市,111.2115974
怀远县,怀远县,340321,34,安徽省,3403,蚌埠市,106.487751
五河县,五河县,340322,34,安徽省,3403,蚌埠市,107.7052992
固镇县,固镇县,340323,34,安徽省,3403,蚌埠市,106.7634247
凤台县,凤台县,340421,34,安徽省,3404,淮南市,111.5398075
寿县,寿县,340422,34,安徽省,3404,淮南市,108.9159148
当涂县,当涂县,340521,34,安徽省,3405,马鞍山市,115.9166139
含山县,含山县,340522,34,安徽省,3405,马鞍山市,111.7242839
和县,和县,340523,34,安徽省,3405,马鞍山市,114.620969
濉溪县,濉溪县,340621,34,安徽省,3406,淮北市,110.0750387
枞阳县,枞阳县,340722,34,安徽省,3407,铜陵市,109.4486944
怀宁县,怀宁县,340822,34,安徽省,3408,安庆市,108.8286266
潜山县,潜山县,340824,34,安徽省,3408,安庆市,109.3097361
太湖县,太湖县,340825,34,安徽省,3408,安庆市,108.7897839
宿松县,宿松县,340826,34,安徽省,3408,安庆市,110.3279406
望江县,望江县,340827,34,安徽省,3408,安庆市,107.4949322
岳西县,岳西县,340828,34,安徽省,3408,安庆市,111.6310081
歙县,歙县,341021,34,安徽省,3410,黄山市,112.0293346
休宁县,休宁县,341022,34,安徽省,3410,黄山市,114.2451272
黟县,黟县,341023,34,安徽省,3410,黄山市,110.1369782
祁门县,祁门县,341024,34,安徽省,3410,黄山市,112.8820655
来安县,来安县,341122,34,安徽省,3411,滁州市,114.997658
全椒县,全椒县,341124,34,安徽省,3411,滁州市,115.7504182
定远县,定远县,341125,34,安徽省,3411,滁州市,109.6611257
凤阳县,凤阳县,341126,34,安徽省,3411,滁州市,110.1944324
临泉县,临泉县,341221,34,安徽省,3412,阜阳市,107.1367138
太和县,太和县,341222,34,安徽省,3412,阜阳市,108.038317
阜南县,阜南县,341225,34,安徽省,3412,阜阳市,105.2073278
砀山县,砀山县,341321,34,安徽省,3413,宿州市,105.8383945
萧县,萧县,341322,34,安徽省,3413,宿州市,103.7982831
灵璧县,灵璧县,341323,34,安徽省,3413,宿州市,104.8975381
泗县,泗县,341324,34,安徽省,3413,宿州市,106.7901897
霍邱县,霍邱县,341522,34,安徽省,3415,六安市,107.8658241
舒城县,舒城县,341523,34,安徽省,3415,六安市,110.3059407
金寨县,金寨县,341524,34,安徽省,3415,六安市,111.8369981
霍山县,霍山县,341525,34,安徽省,3415,六安市,112.4979428
涡阳县,涡阳县,341621,34,安徽省,3416,亳州市,106.247194
蒙城县,蒙城县,341622,34,安徽省,3416,亳州市,108.7124081
利辛县,利辛县,341623,34,安徽省,3416,亳州市,105.5123585
东至县,东至县,341721,34,安徽省,3417,池州市,109.1712543
石台县,石台县,341722,34,安徽省,3417,池州市,109.5575053
青阳县,青阳县,341723,34,安徽省,3417,池州市,114.0402275
郎溪县,郎溪县,341821,34,安徽省,3418,宣城市,112.5707582
广德县,广德县,341822,34,安徽省,3418,宣城市,113.0793384
泾县,泾县,341823,34,安徽省,3418,宣城市,112.2891677
绩溪县,绩溪县,341824,34,安徽省,3418,宣城市,114.7941327
旌德县,旌德县,341825,34,安徽省,3418,宣城市,114.4375241
闽侯县,闽侯县,350121,35,福建省,3501,福州市,126.5745198
连江县,连江县,350122,35,福建省,3501,福州市,120.7956721
罗源县,罗源县,350123,35,福建省,3501,福州市,120.0510055
闽清县,闽清县,350124,35,福建省,3501,福州市,115.4924964
永泰县,永泰县,350125,35,福建省,3501,福州市,115.128922
平潭县,平潭县,350128,35,福建省,3501,福州市,121.4536634
仙游县,仙游县,350322,35,福建省,3503,莆田市,118.2475138
明溪县,明溪县,350421,35,福建省,3504,三明市,114.074199
清流县,清流县,350423,35,福建省,3504,三明市,114.9484443
宁化县,宁化县,350424,35,福建省,3504,三明市,113.7173639
大田县,大田县,350425,35,福建省,3504,三明市,114.6378943
尤溪县,尤溪县,350426,35,福建省,3504,三明市,116.7270261
沙县,沙县,350427,35,福建省,3504,三明市,121.2505205
将乐县,将乐县,350428,35,福建省,3504,三明市,115.780294
泰宁县,泰宁县,350429,35,福建省,3504,三明市,114.2767466
建宁县,建宁县,350430,35,福建省,3504,三明市,114.6957943
惠安县,惠安县,350521,35,福建省,3505,泉州市,119.4597038
安溪县,安溪县,350524,35,福建省,3505,泉州市,115.4522363
永春县,永春县,350525,35,福建省,3505,泉州市,113.46177
德化县,德化县,350526,35,福建省,3505,泉州市,114.6957953
云霄县,云霄县,350622,35,福建省,3506,漳州市,119.3426096
漳浦县,漳浦县,350623,35,福建省,3506,漳州市,117.3526499
诏安县,诏安县,350624,35,福建省,3506,漳州市,117.1307198
长泰县,长泰县,350625,35,福建省,3506,漳州市,117.1540014
东山县,东山县,350626,35,福建省,3506,漳州市,120.8570675
南靖县,南靖县,350627,35,福建省,3506,漳州市,117.5255669
平和县,平和县,350628,35,福建省,3506,漳州市,116.5158299
华安县,华安县,350629,35,福建省,3506,漳州市,115.5235213
顺昌县,顺昌县,350721,35,福建省,3507,南平市,114.8979816
浦城县,浦城县,350722,35,福建省,3507,南平市,113.3946677
光泽县,光泽县,350723,35,福建省,3507,南平市,116.103918
松溪县,松溪县,350724,35,福建省,3507,南平市,112.5836387
政和县,政和县,350725,35,福建省,3507,南平市,115.1420174
长汀县,长汀县,350821,35,福建省,3508,龙岩市,115.4003625
上杭县,上杭县,350823,35,福建省,3508,龙岩市,115.3257086
武平县,武平县,350824,35,福建省,3508,龙岩市,113.0369826
连城县,连城县,350825,35,福建省,3508,龙岩市,118.1649966
霞浦县,霞浦县,350921,35,福建省,3509,宁德市,117.9112768
古田县,古田县,350922,35,福建省,3509,宁德市,115.5349953
屏南县,屏南县,350923,35,福建省,3509,宁德市,118.653241
寿宁县,寿宁县,350924,35,福建省,3509,宁德市,115.112115
周宁县,周宁县,350925,35,福建省,3509,宁德市,115.5252215
柘荣县,柘荣县,350926,35,福建省,3509,宁德市,120.0949461
南昌县,南昌县,360121,36,江西省,3601,南昌市,121.8148487
安义县,安义县,360123,36,江西省,3601,南昌市,113.4846518
进贤县,进贤县,360124,36,江西省,3601,南昌市,109.6786911
浮梁县,浮梁县,360222,36,江西省,3602,景德镇市,113.4389267
莲花县,莲花县,360321,36,江西省,3603,萍乡市,108.6583745
上栗县,上栗县,360322,36,江西省,3603,萍乡市,107.4768857
芦溪县,芦溪县,360323,36,江西省,3603,萍乡市,109.59503
武宁县,武宁县,360423,36,江西省,3604,九江市,109.8317909
修水县,修水县,360424,36,江西省,3604,九江市,108.0074999
永修县,永修县,360425,36,江西省,3604,九江市,110.945501
德安县,德安县,360426,36,江西省,3604,九江市,112.1453903
都昌县,都昌县,360428,36,江西省,3604,九江市,108.0214802
湖口县,湖口县,360429,36,江西省,3604,九江市,110.9937562
彭泽县,彭泽县,360430,36,江西省,3604,九江市,108.873726
分宜县,分宜县,360521,36,江西省,3605,新余市,108.9924441
赣县区,,360704,36,江西省,3607,赣州市,111.8270349
信丰县,信丰县,360722,36,江西省,3607,赣州市,111.1633807
大余县,大余县,360723,36,江西省,3607,赣州市,114.344881
上犹县,上犹县,360724,36,江西省,3607,赣州市,111.8959853
崇义县,崇义县,360725,36,江西省,3607,赣州市,112.7278144
安远县,安远县,360726,36,江西省,3607,赣州市,109.4751418
龙南县,龙南县,360727,36,江西省,3607,赣州市,114.7685767
定南县,定南县,360728,36,江西省,3607,赣州市,114.5490638
全南县,全南县,360729,36,江西省,3607,赣州市,112.0515874
宁都县,宁都县,360730,36,江西省,3607,赣州市,108.6669094
于都县,于都县,360731,36,江西省,3607,赣州市,111.0495101
兴国县,兴国县,360732,36,江西省,3607,赣州市,109.1205188
会昌县,会昌县,360733,36,江西省,3607,赣州市,110.6022122
寻乌县,寻乌县,360734,36,江西省,3607,赣州市,110.9740299
石城县,石城县,360735,36,江西省,3607,赣州市,110.8339109
吉安县,吉安县,360821,36,江西省,3608,吉安市,109.7355231
吉水县,吉水县,360822,36,江西省,3608,吉安市,107.7174947
峡江县,峡江县,360823,36,江西省,3608,吉安市,106.0741232
新干县,新干县,360824,36,江西省,3608,吉安市,107.2585366
永丰县,永丰县,360825,36,江西省,3608,吉安市,107.3969929
泰和县,泰和县,360826,36,江西省,3608,吉安市,107.9744951
遂川县,遂川县,360827,36,江西省,3608,吉安市,107.4478451
万安县,万安县,360828,36,江西省,3608,吉安市,108.8077709
安福县,安福县,360829,36,江西省,3608,吉安市,107.7055016
永新县,永新县,360830,36,江西省,3608,吉安市,105.3390626
奉新县,奉新县,360921,36,江西省,3609,宜春市,110.4562485
万载县,万载县,360922,36,江西省,3609,宜春市,108.0981716
上高县,上高县,360923,36,江西省,3609,宜春市,110.4971831
宜丰县,宜丰县,360924,36,江西省,3609,宜春市,111.4570812
靖安县,靖安县,360925,36,江西省,3609,宜春市,110.4258366
铜鼓县,铜鼓县,360926,36,江西省,3609,宜春市,109.3362317
南城县,南城县,361021,36,江西省,3610,抚州市,112.1596354
黎川县,黎川县,361022,36,江西省,3610,抚州市,109.1665807
南丰县,南丰县,361023,36,江西省,3610,抚州市,111.7356082
崇仁县,崇仁县,361024,36,江西省,3610,抚州市,109.6405579
乐安县,乐安县,361025,36,江西省,3610,抚州市,106.5706671
宜黄县,宜黄县,361026,36,江西省,3610,抚州市,109.2200591
金溪县,金溪县,361027,36,江西省,3610,抚州市,108.2467344
资溪县,资溪县,361028,36,江西省,3610,抚州市,112.8934665
广昌县,广昌县,361030,36,江西省,3610,抚州市,109.1368928
上饶县,上饶县,361121,36,江西省,3611,上饶市,112.1418909
玉山县,玉山县,361123,36,江西省,3611,上饶市,111.5082358
铅山县,铅山县,361124,36,江西省,3611,上饶市,108.835491
横峰县,横峰县,361125,36,江西省,3611,上饶市,110.7902532
弋阳县,弋阳县,361126,36,江西省,3611,上饶市,107.8806727
余干县,余干县,361127,36,江西省,3611,上饶市,106.948896
鄱阳县,鄱阳县,361128,36,江西省,3611,上饶市,107.7079624
万年县,万年县,361129,36,江西省,3611,上饶市,109.410965
婺源县,婺源县,361130,36,江西省,3611,上饶市,112.7931149
平阴县,平阴县,370124,37,山东省,3701,济南市,107.1723536
济阳县,济阳县,370125,37,山东省,3701,济南市,106.5706701
商河县,商河县,370126,37,山东省,3701,济南市,102.7972868
桓台县,桓台县,370321,37,山东省,3703,淄博市,111.5717188
高青县,高青县,370322,37,山东省,3703,淄博市,106.1574208
沂源县,沂源县,370323,37,山东省,3703,淄博市,106.9070485
利津县,利津县,370522,37,山东省,3705,东营市,109.2797819
广饶县,广饶县,370523,37,山东省,3705,东营市,113.8549826
长岛县,长岛县,370634,37,山东省,3706,烟台市,117.1298467
昌乐县,昌乐县,370725,37,山东省,3707,潍坊市,109.4044177
微山县,微山县,370826,37,山东省,3708,济宁市,107.6731901
鱼台县,鱼台县,370827,37,山东省,3708,济宁市,105.4025679
金乡县,金乡县,370828,37,山东省,3708,济宁市,105.9403816
嘉祥县,嘉祥县,370829,37,山东省,3708,济宁市,105.5812782
泗水县,泗水县,370831,37,山东省,3708,济宁市,106.4816961
梁山县,梁山县,370832,37,山东省,3708,济宁市,103.4237287
宁阳县,宁阳县,370921,37,山东省,3709,泰安市,105.7836261
东平县,东平县,370923,37,山东省,3709,泰安市,105.5255991
五莲县,五莲县,371121,37,山东省,3711,日照市,107.225385
莒县,莒县,371122,37,山东省,3711,日照市,107.7707214
沂南县,沂南县,371321,37,山东省,3713,临沂市,104.3858429
郯城县,郯城县,371322,37,山东省,3713,临沂市,106.5479989
沂水县,沂水县,371323,37,山东省,3713,临沂市,105.7113536
兰陵县,,371324,37,山东省,3713,临沂市,104.460428
费县,费县,371325,37,山东省,3713,临沂市,108.7807265
平邑县,平邑县,371326,37,山东省,3713,临沂市,109.4222152
莒南县,莒南县,371327,37,山东省,3713,临沂市,107.0427428
蒙阴县,蒙阴县,371328,37,山东省,3713,临沂市,104.1654529
临沭县,临沭县,371329,37,山东省,3713,临沂市,110.1640812
宁津县,宁津县,371422,37,山东省,3714,德州市,102.4136921
庆云县,庆云县,371423,37,山东省,3714,德州市,101.4006091
临邑县,临邑县,371424,37,山东省,3714,德州市,103.6545436
齐河县,齐河县,371425,37,山东省,3714,德州市,107.6573564
平原县,平原县,371426,37,山东省,3714,德州市,102.3799936
夏津县,夏津县,371427,37,山东省,3714,德州市,103.4743765
武城县,武城县,371428,37,山东省,3714,德州市,101.9176489
阳谷县,阳谷县,371521,37,山东省,3715,聊城市,106.0547564
莘县,莘县,371522,37,山东省,3715,聊城市,103.5302365
茌平县,茌平县,371523,37,山东省,3715,聊城市,105.3496154
东阿县,东阿县,371524,37,山东省,3715,聊城市,106.5160679
冠县,冠县,371525,37,山东省,3715,聊城市,104.5343716
高唐县,高唐县,371526,37,山东省,3715,聊城市,103.6136229
惠民县,惠民县,371621,37,山东省,3716,滨州市,102.5866705
阳信县,阳信县,371622,37,山东省,3716,滨州市,104.3293162
无棣县,无棣县,371623,37,山东省,3716,滨州市,106.4768475
博兴县,博兴县,371625,37,山东省,3716,滨州市,110.8843634
邹平县,邹平县,371626,37,山东省,3716,滨州市,109.3492252
曹县,曹县,371721,37,山东省,3717,菏泽市,101.9144285
单县,单县,371722,37,山东省,3717,菏泽市,104.998079
成武县,成武县,371723,37,山东省,3717,菏泽市,105.9246682
巨野县,巨野县,371724,37,山东省,3717,菏泽市,104.3962027
郓城县,郓城县,371725,37,山东省,3717,菏泽市,105.216533
鄄城县,鄄城县,371726,37,山东省,3717,菏泽市,101.8783961
东明县,东明县,371728,37,山东省,3717,菏泽市,104.4273282
中牟县,中牟县,410122,41,河南省,4101,郑州市,118.8539247
杞县,杞县,410221,41,河南省,4102,开封市,102.0585582
通许县,通许县,410222,41,河南省,4102,开封市,104.6816402
尉氏县,尉氏县,410223,41,河南省,4102,开封市,104.5359811
兰考县,兰考县,410225,41,河南省,4102,开封市,106.8927533
孟津县,孟津县,410322,41,河南省,4103,洛阳市,111.6183232
新安县,新安县,410323,41,河南省,4103,洛阳市,109.0188041
栾川县,栾川县,410324,41,河南省,4103,洛阳市,111.8190774
汝阳县,汝阳县,410326,41,河南省,4103,洛阳市,105.8798287
宜阳县,宜阳县,410327,41,河南省,4103,洛阳市,112.5837461
洛宁县,洛宁县,410328,41,河南省,4103,洛阳市,105.5756917
伊川县,伊川县,410329,41,河南省,4103,洛阳市,111.8444928
宝丰县,宝丰县,410421,41,河南省,4104,平顶山市,106.2941315
叶县,叶县,410422,41,河南省,4104,平顶山市,105.8417614
鲁山县,鲁山县,410423,41,河南省,4104,平顶山市,105.1400322
郏县,郏县,410425,41,河南省,4104,平顶山市,107.00258
安阳县,安阳县,410522,41,河南省,4105,安阳市,102.8436668
汤阴县,汤阴县,410523,41,河南省,4105,安阳市,109.0600923
滑县,滑县,410526,41,河南省,4105,安阳市,104.3879865
内黄县,内黄县,410527,41,河南省,4105,安阳市,102.6882011
浚县,浚县,410621,41,河南省,4106,鹤壁市,103.1051903
淇县,淇县,410622,41,河南省,4106,鹤壁市,108.9637593
新乡县,新乡县,410721,41,河南省,4107,新乡市,112.1098807
获嘉县,获嘉县,410724,41,河南省,4107,新乡市,107.1180654
原阳县,原阳县,410725,41,河南省,4107,新乡市,108.2888334
延津县,延津县,410726,41,河南省,4107,新乡市,105.4630572
封丘县,封丘县,410727,41,河南省,4107,新乡市,102.5835201
长垣县,长垣县,410728,41,河南省,4107,新乡市,108.2142503
辉县市,辉县市,410782,41,河南省,4107,新乡市,109.2336214
修武县,修武县,410821,41,河南省,4108,焦作市,109.7809906
博爱县,博爱县,410822,41,河南省,4108,焦作市,111.6448571
温县,温县,410825,41,河南省,4108,焦作市,109.1251873
清丰县,清丰县,410922,41,河南省,4109,濮阳市,102.9311029
南乐县,南乐县,410923,41,河南省,4109,濮阳市,104.6391454
范县,范县,410926,41,河南省,4109,濮阳市,103.453424
台前县,台前县,410927,41,河南省,4109,濮阳市,101.9374701
濮阳县,濮阳县,410928,41,河南省,4109,濮阳市,104.8922651
鄢陵县,鄢陵县,411024,41,河南省,4110,许昌市,108.4014888
襄城县,襄城县,411025,41,河南省,4110,许昌市,107.9430695
舞阳县,舞阳县,411121,41,河南省,4111,漯河市,107.3896457
渑池县,渑池县,411221,41,河南省,4112,三门峡市,110.676427
卢氏县,卢氏县,411224,41,河南省,4112,三门峡市,110.0628243
南召县,南召县,411321,41,河南省,4113,南阳市,105.4079429
方城县,方城县,411322,41,河南省,4113,南阳市,103.5261072
西峡县,西峡县,411323,41,河南省,4113,南阳市,109.8221303
镇平县,镇平县,411324,41,河南省,4113,南阳市,107.9783184
内乡县,内乡县,411325,41,河南省,4113,南阳市,108.1143222
社旗县,社旗县,411327,41,河南省,4113,南阳市,103.4133811
唐河县,唐河县,411328,41,河南省,4113,南阳市,105.4736708
新野县,新野县,411329,41,河南省,4113,南阳市,118.4261794
桐柏县,桐柏县,411330,41,河南省,4113,南阳市,108.5346594
民权县,民权县,411421,41,河南省,4114,商丘市,107.1972224
睢县,睢县,411422,41,河南省,4114,商丘市,103.861388
宁陵县,宁陵县,411423,41,河南省,4114,商丘市,102.3512033
柘城县,柘城县,411424,41,河南省,4114,商丘市,106.5993989
虞城县,虞城县,411425,41,河南省,4114,商丘市,101.7405784
夏邑县,夏邑县,411426,41,河南省,4114,商丘市,103.9676424
罗山县,罗山县,411521,41,河南省,4115,信阳市,107.7471174
光山县,光山县,411522,41,河南省,4115,信阳市,108.1838367
新县,新县,411523,41,河南省,4115,信阳市,110.8256018
商城县,商城县,411524,41,河南省,4115,信阳市,108.9408433
固始县,固始县,411525,41,河南省,4115,信阳市,109.1829657
潢川县,潢川县,411526,41,河南省,4115,信阳市,111.8343903
淮滨县,淮滨县,411527,41,河南省,4115,信阳市,107.0855993
息县,息县,411528,41,河南省,4115,信阳市,106.1119933
扶沟县,扶沟县,411621,41,河南省,4116,周口市,103.2222687
西华县,西华县,411622,41,河南省,4116,周口市,105.1592911
商水县,商水县,411623,41,河南省,4116,周口市,102.4286314
沈丘县,沈丘县,411624,41,河南省,4116,周口市,105.5575133
郸城县,郸城县,411625,41,河南省,4116,周口市,103.6447611
淮阳县,淮阳县,411626,41,河南省,4116,周口市,101.967259
太康县,太康县,411627,41,河南省,4116,周口市,100.7720516
鹿邑县,鹿邑县,411628,41,河南省,4116,周口市,105.2340211
西平县,西平县,411721,41,河南省,4117,驻马店市,106.3431428
上蔡县,上蔡县,411722,41,河南省,4117,驻马店市,102.0126691
平舆县,平舆县,411723,41,河南省,4117,驻马店市,105.3778231
正阳县,正阳县,411724,41,河南省,4117,驻马店市,105.4368422
确山县,确山县,411725,41,河南省,4117,驻马店市,105.4989443
泌阳县,泌阳县,411726,41,河南省,4117,驻马店市,102.6029277
汝南县,汝南县,411727,41,河南省,4117,驻马店市,103.7418574
遂平县,遂平县,411728,41,河南省,4117,驻马店市,108.2717738
新蔡县,新蔡县,411729,41,河南省,4117,驻马店市,106.0204514
阳新县,阳新县,420222,42,湖北省,4202,黄石市,110.8857778
郧西县,郧西县,420322,42,湖北省,4203,十堰市,105.9164334
竹山县,竹山县,420323,42,湖北省,4203,十堰市,109.139912
竹溪县,竹溪县,420324,42,湖北省,4203,十堰市,110.0258566
房县,房县,420325,42,湖北省,4203,十堰市,108.409495
远安县,远安县,420525,42,湖北省,4205,宜昌市,110.6113302
兴山县,兴山县,420526,42,湖北省,4205,宜昌市,107.7009264
秭归县,秭归县,420527,42,湖北省,4205,宜昌市,107.8042348
长阳土家族自治县,长阳土家族自治县,420528,42,湖北省,4205,宜昌市,107.3310553
五峰土家族自治县,五峰土家族自治县,420529,42,湖北省,4205,宜昌市,107.85904
南漳县,南漳县,420624,42,湖北省,4206,襄阳市,109.2679617
谷城县,谷城县,420625,42,湖北省,4206,襄阳市,110.7232036
保康县,保康县,420626,42,湖北省,4206,襄阳市,108.8607323
沙洋县,沙洋县,420822,42,湖北省,4208,荆门市,110.3807988
孝昌县,孝昌县,420921,42,湖北省,4209,孝感市,108.3244368
大悟县,大悟县,420922,42,湖北省,4209,孝感市,109.522614
云梦县,云梦县,420923,42,湖北省,4209,孝感市,111.8056629
公安县,公安县,421022,42,湖北省,4210,荆州市,112.4779611
监利县,监利县,421023,42,湖北省,4210,荆州市,108.2350745
江陵县,江陵县,421024,42,湖北省,4210,荆州市,112.1959704
团风县,团风县,421121,42,湖北省,4211,黄冈市,112.9224419
红安县,红安县,421122,42,湖北省,4211,黄冈市,112.3208272
罗田县,罗田县,421123,42,湖北省,4211,黄冈市,107.9530106
英山县,英山县,421124,42,湖北省,4211,黄冈市,109.7752222
浠水县,浠水县,421125,42,湖北省,4211,黄冈市,110.3399323
蕲春县,蕲春县,421126,42,湖北省,4211,黄冈市,111.52738
黄梅县,黄梅县,421127,42,湖北省,4211,黄冈市,110.7404257
嘉鱼县,嘉鱼县,421221,42,湖北省,4212,咸宁市,112.6879374
通城县,通城县,421222,42,湖北省,4212,咸宁市,110.1536055
崇阳县,崇阳县,421223,42,湖北省,4212,咸宁市,109.665538
通山县,通山县,421224,42,湖北省,4212,咸宁市,112.2085439
随县,,421321,42,湖北省,4213,随州市,107.3136041
建始县,建始县,422822,42,湖北省,4228,恩施土家族苗族自治州,107.7299275
巴东县,巴东县,422823,42,湖北省,4228,恩施土家族苗族自治州,107.5665226
宣恩县,宣恩县,422825,42,湖北省,4228,恩施土家族苗族自治州,108.6041059
咸丰县,咸丰县,422826,42,湖北省,4228,恩施土家族苗族自治州,109.5145784
来凤县,来凤县,422827,42,湖北省,4228,恩施土家族苗族自治州,108.9509438
鹤峰县,鹤峰县,422828,42,湖北省,4228,恩施土家族苗族自治州,109.3153516
长沙县,长沙县,430121,43,湖南省,4301,长沙市,121.3208986
株洲县,株洲县,430221,43,湖南省,4302,株洲市,105.1891493
攸县,攸县,430223,43,湖南省,4302,株洲市,105.2974726
茶陵县,茶陵县,430224,43,湖南省,4302,株洲市,102.766873
炎陵县,炎陵县,430225,43,湖南省,4302,株洲市,107.3042326
湘潭县,湘潭县,430321,43,湖南省,4303,湘潭市,110.1787042
衡阳县,衡阳县,430421,43,湖南省,4304,衡阳市,103.5672061
衡南县,衡南县,430422,43,湖南省,4304,衡阳市,103.9140442
衡山县,衡山县,430423,43,湖南省,4304,衡阳市,106.1522519
衡东县,衡东县,430424,43,湖南省,4304,衡阳市,104.5602152
祁东县,祁东县,430426,43,湖南省,4304,衡阳市,106.9279206
邵东县,邵东县,430521,43,湖南省,4305,邵阳市,106.2626196
新邵县,新邵县,430522,43,湖南省,4305,邵阳市,103.9530874
邵阳县,邵阳县,430523,43,湖南省,4305,邵阳市,100.7247052
隆回县,隆回县,430524,43,湖南省,4305,邵阳市,104.5142372
洞口县,洞口县,430525,43,湖南省,4305,邵阳市,106.1915166
绥宁县,绥宁县,430527,43,湖南省,4305,邵阳市,104.2404206
新宁县,新宁县,430528,43,湖南省,4305,邵阳市,102.8183666
城步苗族自治县,城步苗族自治县,430529,43,湖南省,4305,邵阳市,103.0014592
岳阳县,岳阳县,430621,43,湖南省,4306,岳阳市,108.1637418
华容县,华容县,430623,43,湖南省,4306,岳阳市,105.6329023
湘阴县,湘阴县,430624,43,湖南省,4306,岳阳市,108.776837
平江县,平江县,430626,43,湖南省,4306,岳阳市,109.1777619
安乡县,安乡县,430721,43,湖南省,4307,常德市,106.8527674
汉寿县,汉寿县,430722,43,湖南省,4307,常德市,106.3823729
澧县,澧县,430723,43,湖南省,4307,常德市,106.8925464
临澧县,临澧县,430724,43,湖南省,4307,常德市,105.981354
桃源县,桃源县,430725,43,湖南省,4307,常德市,106.8102531
石门县,石门县,430726,43,湖南省,4307,常德市,109.0463305
慈利县,慈利县,430821,43,湖南省,4308,张家界市,108.3969981
桑植县,桑植县,430822,43,湖南省,4308,张家界市,104.1006571
南县,南县,430921,43,湖南省,4309,益阳市,107.4917053
桃江县,桃江县,430922,43,湖南省,4309,益阳市,105.1272851
安化县,安化县,430923,43,湖南省,4309,益阳市,106.5176161
桂阳县,桂阳县,431021,43,湖南省,4310,郴州市,105.062387
宜章县,宜章县,431022,43,湖南省,4310,郴州市,108.5160536
永兴县,永兴县,431023,43,湖南省,4310,郴州市,104.4111662
嘉禾县,嘉禾县,431024,43,湖南省,4310,郴州市,107.978229
临武县,临武县,431025,43,湖南省,4310,郴州市,108.2674629
汝城县,汝城县,431026,43,湖南省,4310,郴州市,108.3906953
桂东县,桂东县,431027,43,湖南省,4310,郴州市,105.6549157
安仁县,安仁县,431028,43,湖南省,4310,郴州市,104.4956991
祁阳县,祁阳县,431121,43,湖南省,4311,永州市,107.9817376
东安县,东安县,431122,43,湖南省,4311,永州市,107.2551278
双牌县,双牌县,431123,43,湖南省,4311,永州市,107.8405425
道县,道县,431124,43,湖南省,4311,永州市,106.6899492
江永县,江永县,431125,43,湖南省,4311,永州市,108.4192261
宁远县,宁远县,431126,43,湖南省,4311,永州市,107.6337119
蓝山县,蓝山县,431127,43,湖南省,4311,永州市,108.9087345
新田县,新田县,431128,43,湖南省,4311,永州市,107.4191661
江华瑶族自治县,江华瑶族自治县,431129,43,湖南省,4311,永州市,110.622294
中方县,中方县,431221,43,湖南省,4312,怀化市,104.6099782
沅陵县,沅陵县,431222,43,湖南省,4312,怀化市,104.678766
辰溪县,辰溪县,431223,43,湖南省,4312,怀化市,104.8727314
溆浦县,溆浦县,431224,43,湖南省,4312,怀化市,103.1930951
会同县,会同县,431225,43,湖南省,4312,怀化市,104.4979337
麻阳苗族自治县,麻阳苗族自治县,431226,43,湖南省,4312,怀化市,103.7926497
新晃侗族自治县,新晃侗族自治县,431227,43,湖南省,4312,怀化市,106.1304375
芷江侗族自治县,芷江侗族自治县,431228,43,湖南省,4312,怀化市,106.6483559
靖州苗族侗族自治县,靖州苗族侗族自治县,431229,43,湖南省,4312,怀化市,106.1721382
通道侗族自治县,通道侗族自治县,431230,43,湖南省,4312,怀化市,106.2878728
双峰县,双峰县,431321,43,湖南省,4313,娄底市,104.643803
新化县,新化县,431322,43,湖南省,4313,娄底市,103.6675589
凤凰县,凤凰县,433123,43,湖南省,4331,湘西土家族苗族自治州,107.8602486
花垣县,花垣县,433124,43,湖南省,4331,湘西土家族苗族自治州,105.4780991
保靖县,保靖县,433125,43,湖南省,4331,湘西土家族苗族自治州,100.7518839
古丈县,古丈县,433126,43,湖南省,4331,湘西土家族苗族自治州,103.635072
永顺县,永顺县,433127,43,湖南省,4331,湘西土家族苗族自治州,101.4746126
龙山县,龙山县,433130,43,湖南省,4331,湘西土家族苗族自治州,103.7289103
始兴县,始兴县,440222,44,广东省,4402,韶关市,112.6542577
仁化县,仁化县,440224,44,广东省,4402,韶关市,111.2910637
翁源县,翁源县,440229,44,广东省,4402,韶关市,110.2877903
乳源瑶族自治县,乳源瑶族自治县,440232,44,广东省,4402,韶关市,110.9516187
新丰县,新丰县,440233,44,广东省,4402,韶关市,112.1668742
南澳县,南澳县,440523,44,广东省,4405,汕头市,117.4782797
遂溪县,遂溪县,440823,44,广东省,4408,湛江市,106.9182465
徐闻县,徐闻县,440825,44,广东省,4408,湛江市,108.1882118
广宁县,广宁县,441223,44,广东省,4412,肇庆市,110.5917446
怀集县,怀集县,441224,44,广东省,4412,肇庆市,116.2274983
封开县,封开县,441225,44,广东省,4412,肇庆市,106.1791912
德庆县,德庆县,441226,44,广东省,4412,肇庆市,107.4996051
博罗县,博罗县,441322,44,广东省,4413,惠州市,115.6556434
惠东县,惠东县,441323,44,广东省,4413,惠州市,112.3992204
龙门县,龙门县,441324,44,广东省,4413,惠州市,114.1350739
梅县区,,441403,44,广东省,4414,梅州市,115.5096306
大埔县,大埔县,441422,44,广东省,4414,梅州市,109.4671979
丰顺县,丰顺县,441423,44,广东省,4414,梅州市,112.212846
五华县,五华县,441424,44,广东省,4414,梅州市,108.5577986
平远县,平远县,441426,44,广东省,4414,梅州市,111.8009242
蕉岭县,蕉岭县,441427,44,广东省,4414,梅州市,112.8486956
海丰县,海丰县,441521,44,广东省,4415,汕尾市,114.9008671
陆河县,陆河县,441523,44,广东省,4415,汕尾市,113.2002382
紫金县,紫金县,441621,44,广东省,4416,河源市,107.7832525
龙川县,龙川县,441622,44,广东省,4416,河源市,108.1557185
连平县,连平县,441623,44,广东省,4416,河源市,111.3174937
和平县,和平县,441624,44,广东省,4416,河源市,107.9326629
东源县,东源县,441625,44,广东省,4416,河源市,108.2764667
阳西县,阳西县,441721,44,广东省,4417,阳江市,109.9797672
佛冈县,佛冈县,441821,44,广东省,4418,清远市,112.7224303
阳山县,阳山县,441823,44,广东省,4418,清远市,107.6781482
连山壮族瑶族自治县,连山壮族瑶族自治县,441825,44,广东省,4418,清远市,110.5307718
连南瑶族自治县,连南瑶族自治县,441826,44,广东省,4418,清远市,107.8368716
饶平县,饶平县,445122,44,广东省,4451,潮州市,112.5840394
揭西县,揭西县,445222,44,广东省,4452,揭阳市,110.7567179
惠来县,惠来县,445224,44,广东省,4452,揭阳市,108.8484749
新兴县,新兴县,445321,44,广东省,4453,云浮市,111.5741412
郁南县,郁南县,445322,44,广东省,4453,云浮市,108.0670475
隆安县,隆安县,450123,45,广西壮族自治区,4501,南宁市,106.4485873
马山县,马山县,450124,45,广西壮族自治区,4501,南宁市,103.9091944
上林县,上林县,450125,45,广西壮族自治区,4501,南宁市,107.6265591
宾阳县,宾阳县,450126,45,广西壮族自治区,4501,南宁市,108.6208726
横县,横县,450127,45,广西壮族自治区,4501,南宁市,107.8124163
柳城县,柳城县,450222,45,广西壮族自治区,4502,柳州市,107.3021312
鹿寨县,鹿寨县,450223,45,广西壮族自治区,4502,柳州市,109.8353202
融安县,融安县,450224,45,广西壮族自治区,4502,柳州市,108.2990468
融水苗族自治县,融水苗族自治县,450225,45,广西壮族自治区,4502,柳州市,106.1542561
三江侗族自治县,三江侗族自治县,450226,45,广西壮族自治区,4502,柳州市,105.4338296
阳朔县,阳朔县,450321,45,广西壮族自治区,4503,桂林市,116.6513449
灵川县,灵川县,450323,45,广西壮族自治区,4503,桂林市,116.6137477
全州县,全州县,450324,45,广西壮族自治区,4503,桂林市,109.5848192
兴安县,兴安县,450325,45,广西壮族自治区,4503,桂林市,110.4590321
永福县,永福县,450326,45,广西壮族自治区,4503,桂林市,115.3533885
灌阳县,灌阳县,450327,45,广西壮族自治区,4503,桂林市,106.0738066
龙胜各族自治县,龙胜各族自治县,450328,45,广西壮族自治区,4503,桂林市,110.3975134
资源县,资源县,450329,45,广西壮族自治区,4503,桂林市,106.1075021
平乐县,平乐县,450330,45,广西壮族自治区,4503,桂林市,107.9742406
恭城瑶族自治县,恭城瑶族自治县,450332,45,广西壮族自治区,4503,桂林市,109.8289848
苍梧县,苍梧县,450421,45,广西壮族自治区,4504,梧州市,101.4023621
藤县,藤县,450422,45,广西壮族自治区,4504,梧州市,105.0189213
蒙山县,蒙山县,450423,45,广西壮族自治区,4504,梧州市,108.3771484
合浦县,合浦县,450521,45,广西壮族自治区,4505,北海市,107.917118
上思县,上思县,450621,45,广西壮族自治区,4506,防城港市,107.3077352
灵山县,灵山县,450721,45,广西壮族自治区,4507,钦州市,104.0874884
浦北县,浦北县,450722,45,广西壮族自治区,4507,钦州市,104.105794
平南县,平南县,450821,45,广西壮族自治区,4508,贵港市,106.2456864
容县,容县,450921,45,广西壮族自治区,4509,玉林市,105.5026429
陆川县,陆川县,450922,45,广西壮族自治区,4509,玉林市,106.5577294
博白县,博白县,450923,45,广西壮族自治区,4509,玉林市,103.7008064
兴业县,兴业县,450924,45,广西壮族自治区,4509,玉林市,102.9361478
田阳县,田阳县,451021,45,广西壮族自治区,4510,百色市,108.7768373
田东县,田东县,451022,45,广西壮族自治区,4510,百色市,107.6682048
平果县,平果县,451023,45,广西壮族自治区,4510,百色市,109.7746104
德保县,德保县,451024,45,广西壮族自治区,4510,百色市,105.0108605
那坡县,那坡县,451026,45,广西壮族自治区,4510,百色市,106.3055968
凌云县,凌云县,451027,45,广西壮族自治区,4510,百色市,103.6978095
乐业县,乐业县,451028,45,广西壮族自治区,4510,百色市,104.2774031
田林县,田林县,451029,45,广西壮族自治区,4510,百色市,105.5794329
西林县,西林县,451030,45,广西壮族自治区,4510,百色市,106.6927615
隆林各族自治县,隆林各族自治县,451031,45,广西壮族自治区,4510,百色市,104.9160423
昭平县,昭平县,451121,45,广西壮族自治区,4511,贺州市,105.7072344
钟山县,钟山县,451122,45,广西壮族自治区,4511,贺州市,108.8870948
富川瑶族自治县,富川瑶族自治县,451123,45,广西壮族自治区,4511,贺州市,108.0237761
南丹县,南丹县,451221,45,广西壮族自治区,4512,河池市,108.0635609
天峨县,天峨县,451222,45,广西壮族自治区,4512,河池市,102.1957016
凤山县,凤山县,451223,45,广西壮族自治区,4512,河池市,101.2929512
东兰县,东兰县,451224,45,广西壮族自治区,4512,河池市,102.0641894
忻城县,忻城县,451321,45,广西壮族自治区,4513,来宾市,104.7940634
象州县,象州县,451322,45,广西壮族自治区,4513,来宾市,106.8833498
武宣县,武宣县,451323,45,广西壮族自治区,4513,来宾市,105.7299651
金秀瑶族自治县,金秀瑶族自治县,451324,45,广西壮族自治区,4513,来宾市,106.7124249
扶绥县,扶绥县,451421,45,广西壮族自治区,4514,崇左市,110.0386713
宁明县,宁明县,451422,45,广西壮族自治区,4514,崇左市,105.5790091
龙州县,龙州县,451423,45,广西壮族自治区,4514,崇左市,108.1326796
大新县,大新县,451424,45,广西壮族自治区,4514,崇左市,106.1711745
天等县,天等县,451425,45,广西壮族自治区,4514,崇左市,102.2134956
定安县,定安县,469021,46,海南省,469021,省直辖县市,109.448064
屯昌县,屯昌县,469022,46,海南省,469022,省直辖县市,107.1020142
澄迈县,澄迈县,469023,46,海南省,469023,省直辖县市,110.9505702
临高县,临高县,469024,46,海南省,469024,省直辖县市,104.3580562
白沙黎族自治县,白沙黎族自治县,469025,46,海南省,469025,省直辖县市,110.1947079
昌江黎族自治县,昌江黎族自治县,469026,46,海南省,469026,省直辖县市,110.0148322
乐东黎族自治县,乐东黎族自治县,469027,46,海南省,469027,省直辖县市,110.8555012
陵水黎族自治县,陵水黎族自治县,469028,46,海南省,469028,省直辖县市,116.2995175
保亭黎族苗族自治县,保亭黎族苗族自治县,469029,46,海南省,469029,省直辖县市,110.7152488
琼中黎族苗族自治县,琼中黎族苗族自治县,469030,46,海南省,469030,省直辖县市,107.2834039
城口县,城口县,500229,50,重庆市,5000,重庆市,107.8385498
丰都县,丰都县,500230,50,重庆市,5000,重庆市,109.3804764
垫江县,垫江县,500231,50,重庆市,5000,重庆市,102.9542495
忠县,忠县,500233,50,重庆市,5000,重庆市,102.8696284
云阳县,云阳县,500235,50,重庆市,5000,重庆市,101.0250353
奉节县,奉节县,500236,50,重庆市,5000,重庆市,105.1949027
巫山县,巫山县,500237,50,重庆市,5000,重庆市,102.6622833
巫溪县,巫溪县,500238,50,重庆市,5000,重庆市,101.7404952
石柱土家族自治县,石柱土家族自治县,500240,50,重庆市,5000,重庆市,105.2809952
秀山土家族苗族自治县,秀山土家族苗族自治县,500241,50,重庆市,5000,重庆市,105.9111544
酉阳土家族苗族自治县,酉阳土家族苗族自治县,500242,50,重庆市,5000,重庆市,104.6292201
彭水苗族土家族自治县,彭水苗族土家族自治县,500243,50,重庆市,5000,重庆市,103.0700943
金堂县,金堂县,510121,51,四川省,5101,成都市,109.2919875
大邑县,大邑县,510129,51,四川省,5101,成都市,110.5199975
蒲江县,蒲江县,510131,51,四川省,5101,成都市,110.5753401
新津县,新津县,510132,51,四川省,5101,成都市,113.7854146
荣县,荣县,510321,51,四川省,5103,自贡市,106.8298295
富顺县,富顺县,510322,51,四川省,5103,自贡市,104.796151
米易县,米易县,510421,51,四川省,5104,攀枝花市,106.6646616
盐边县,盐边县,510422,51,四川省,5104,攀枝花市,103.6464025
泸县,泸县,510521,51,四川省,5105,泸州市,101.1377362
合江县,合江县,510522,51,四川省,5105,泸州市,104.8356432
叙永县,叙永县,510524,51,四川省,5105,泸州市,102.2591653
中江县,中江县,510623,51,四川省,5106,德阳市,103.6060337
三台县,三台县,510722,51,四川省,5107,绵阳市,104.9364282
盐亭县,盐亭县,510723,51,四川省,5107,绵阳市,103.8976713
梓潼县,梓潼县,510725,51,四川省,5107,绵阳市,106.9616373
北川羌族自治县,北川羌族自治县,510726,51,四川省,5107,绵阳市,109.2302287
平武县,平武县,510727,51,四川省,5107,绵阳市,105.543249
旺苍县,旺苍县,510821,51,四川省,5108,广元市,101.7023633
青川县,青川县,510822,51,四川省,5108,广元市,103.2784812
剑阁县,剑阁县,510823,51,四川省,5108,广元市,100.9812407
苍溪县,苍溪县,510824,51,四川省,5108,广元市,104.0455823
蓬溪县,蓬溪县,510921,51,四川省,5109,遂宁市,100.8833748
射洪县,射洪县,510922,51,四川省,5109,遂宁市,105.359069
大英县,大英县,510923,51,四川省,5109,遂宁市,104.1007203
威远县,威远县,511024,51,四川省,5110,内江市,107.5244755
资中县,资中县,511025,51,四川省,5110,内江市,103.1478624
犍为县,犍为县,511123,51,四川省,5111,乐山市,105.7709829
井研县,井研县,511124,51,四川省,5111,乐山市,101.9547746
夹江县,夹江县,511126,51,四川省,5111,乐山市,108.3123178
沐川县,沐川县,511129,51,四川省,5111,乐山市,107.1914813
峨边彝族自治县,峨边彝族自治县,511132,51,四川省,5111,乐山市,102.9503569
马边彝族自治县,马边彝族自治县,511133,51,四川省,5111,乐山市,100.0344062
南部县,南部县,511321,51,四川省,5113,南充市,105.6888091
营山县,营山县,511322,51,四川省,5113,南充市,104.4029088
蓬安县,蓬安县,511323,51,四川省,5113,南充市,103.8777522
仪陇县,仪陇县,511324,51,四川省,5113,南充市,102.5633216
西充县,西充县,511325,51,四川省,5113,南充市,104.2383949
仁寿县,仁寿县,511421,51,四川省,5114,眉山市,103.6928286
洪雅县,洪雅县,511423,51,四川省,5114,眉山市,108.2301594
丹棱县,丹棱县,511424,51,四川省,5114,眉山市,106.8749387
青神县,青神县,511425,51,四川省,5114,眉山市,108.302362
宜宾县,宜宾县,511521,51,四川省,5115,宜宾市,104.5677104
江安县,江安县,511523,51,四川省,5115,宜宾市,104.259609
长宁县,长宁县,511524,51,四川省,5115,宜宾市,105.7230947
高县,高县,511525,51,四川省,5115,宜宾市,103.1045175
珙县,珙县,511526,51,四川省,5115,宜宾市,106.8870549
筠连县,筠连县,511527,51,四川省,5115,宜宾市,104.3020771
兴文县,兴文县,511528,51,四川省,5115,宜宾市,104.1514722
屏山县,屏山县,511529,51,四川省,5115,宜宾市,104.5995269
岳池县,岳池县,511621,51,四川省,5116,广安市,105.6013528
武胜县,武胜县,511622,51,四川省,5116,广安市,104.817082
邻水县,邻水县,511623,51,四川省,5116,广安市,104.4794546
宣汉县,宣汉县,511722,51,四川省,5117,达州市,103.2973802
开江县,开江县,511723,51,四川省,5117,达州市,103.8628887
大竹县,大竹县,511724,51,四川省,5117,达州市,105.3124611
渠县,渠县,511725,51,四川省,5117,达州市,102.9749064
荥经县,荥经县,511822,51,四川省,5118,雅安市,106.6847576
汉源县,汉源县,511823,51,四川省,5118,雅安市,103.8185168
石棉县,石棉县,511824,51,四川省,5118,雅安市,107.3041696
天全县,天全县,511825,51,四川省,5118,雅安市,107.5303831
芦山县,芦山县,511826,51,四川省,5118,雅安市,105.4361584
宝兴县,宝兴县,511827,51,四川省,5118,雅安市,105.5030053
通江县,通江县,511921,51,四川省,5119,巴中市,100.8696114
南江县,南江县,511922,51,四川省,5119,巴中市,100.957761
平昌县,平昌县,511923,51,四川省,5119,巴中市,103.2508967
安岳县,安岳县,512021,51,四川省,5120,资阳市,102.1870031
乐至县,乐至县,512022,51,四川省,5120,资阳市,103.7563049
汶川县,汶川县,513221,51,四川省,5132,阿坝藏族羌族自治州,107.3371191
理县,理县,513222,51,四川省,5132,阿坝藏族羌族自治州,106.5652265
茂县,茂县,513223,51,四川省,5132,阿坝藏族羌族自治州,112.5263325
松潘县,松潘县,513224,51,四川省,5132,阿坝藏族羌族自治州,106.802261
九寨沟县,九寨沟县,513225,51,四川省,5132,阿坝藏族羌族自治州,109.3373206
金川县,金川县,513226,51,四川省,5132,阿坝藏族羌族自治州,103.6572323
小金县,小金县,513227,51,四川省,5132,阿坝藏族羌族自治州,102.6333601
黑水县,黑水县,513228,51,四川省,5132,阿坝藏族羌族自治州,103.4640997
壤塘县,壤塘县,513230,51,四川省,5132,阿坝藏族羌族自治州,98.92991328
阿坝县,阿坝县,513231,51,四川省,5132,阿坝藏族羌族自治州,104.6387355
若尔盖县,若尔盖县,513232,51,四川省,5132,阿坝藏族羌族自治州,101.1310418
红原县,红原县,513233,51,四川省,5132,阿坝藏族羌族自治州,105.5600314
泸定县,泸定县,513322,51,四川省,5133,甘孜藏族自治州,109.1851889
丹巴县,丹巴县,513323,51,四川省,5133,甘孜藏族自治州,101.5989737
九龙县,九龙县,513324,51,四川省,5133,甘孜藏族自治州,101.0406926
雅江县,雅江县,513325,51,四川省,5133,甘孜藏族自治州,108.2362211
道孚县,道孚县,513326,51,四川省,5133,甘孜藏族自治州,108.670619
炉霍县,炉霍县,513327,51,四川省,5133,甘孜藏族自治州,104.7364804
甘孜县,甘孜县,513328,51,四川省,5133,甘孜藏族自治州,106.5323535
新龙县,新龙县,513329,51,四川省,5133,甘孜藏族自治州,101.3091074
德格县,德格县,513330,51,四川省,5133,甘孜藏族自治州,100.6839975
白玉县,白玉县,513331,51,四川省,5133,甘孜藏族自治州,105.8678948
石渠县,石渠县,513332,51,四川省,5133,甘孜藏族自治州,93.88689662
色达县,色达县,513333,51,四川省,5133,甘孜藏族自治州,106.8433718
理塘县,理塘县,513334,51,四川省,5133,甘孜藏族自治州,100.6390466
巴塘县,巴塘县,513335,51,四川省,5133,甘孜藏族自治州,102.8961725
乡城县,乡城县,513336,51,四川省,5133,甘孜藏族自治州,108.7235269
稻城县,稻城县,513337,51,四川省,5133,甘孜藏族自治州,109.3443609
得荣县,得荣县,513338,51,四川省,5133,甘孜藏族自治州,104.00458
木里藏族自治县,木里藏族自治县,513422,51,四川省,5134,凉山彝族自治州,101.6391606
盐源县,盐源县,513423,51,四川省,5134,凉山彝族自治州,99.87295447
德昌县,德昌县,513424,51,四川省,5134,凉山彝族自治州,103.9243711
会理县,会理县,513425,51,四川省,5134,凉山彝族自治州,103.2049209
会东县,会东县,513426,51,四川省,5134,凉山彝族自治州,101.8150413
宁南县,宁南县,513427,51,四川省,5134,凉山彝族自治州,106.8147765
普格县,普格县,513428,51,四川省,5134,凉山彝族自治州,96.10555541
布拖县,布拖县,513429,51,四川省,5134,凉山彝族自治州,96.99965791
金阳县,金阳县,513430,51,四川省,5134,凉山彝族自治州,97.99781194
昭觉县,昭觉县,513431,51,四川省,5134,凉山彝族自治州,96.81542121
喜德县,喜德县,513432,51,四川省,5134,凉山彝族自治州,105.5696418
冕宁县,冕宁县,513433,51,四川省,5134,凉山彝族自治州,101.5614992
越西县,越西县,513434,51,四川省,5134,凉山彝族自治州,98.51233035
甘洛县,甘洛县,513435,51,四川省,5134,凉山彝族自治州,99.75333106
美姑县,美姑县,513436,51,四川省,5134,凉山彝族自治州,96.59216145
雷波县,雷波县,513437,51,四川省,5134,凉山彝族自治州,99.50429318
开阳县,开阳县,520121,52,贵州省,5201,贵阳市,105.6437601
息烽县,息烽县,520122,52,贵州省,5201,贵阳市,109.263999
修文县,修文县,520123,52,贵州省,5201,贵阳市,106.0099934
水城县,水城县,520221,52,贵州省,5202,六盘水市,101.3971437
桐梓县,桐梓县,520322,52,贵州省,5203,遵义市,103.5512716
绥阳县,绥阳县,520323,52,贵州省,5203,遵义市,102.8937483
正安县,正安县,520324,52,贵州省,5203,遵义市,98.03994846
道真仡佬族苗族自治县,道真仡佬族苗族自治县,520325,52,贵州省,5203,遵义市,100.7088031
务川仡佬族苗族自治县,务川仡佬族苗族自治县,520326,52,贵州省,5203,遵义市,101.8313524
凤冈县,凤冈县,520327,52,贵州省,5203,遵义市,102.7984109
湄潭县,湄潭县,520328,52,贵州省,5203,遵义市,105.5365779
余庆县,余庆县,520329,52,贵州省,5203,遵义市,102.9443459
习水县,习水县,520330,52,贵州省,5203,遵义市,104.8325138
普定县,普定县,520422,52,贵州省,5204,安顺市,102.7357117
镇宁布依族苗族自治县,镇宁布依族苗族自治县,520423,52,贵州省,5204,安顺市,106.3816496
关岭布依族苗族自治县,关岭布依族苗族自治县,520424,52,贵州省,5204,安顺市,102.4772134
紫云苗族布依族自治县,紫云苗族布依族自治县,520425,52,贵州省,5204,安顺市,100.4213807
大方县,大方县,520521,52,贵州省,5205,毕节市,101.8147541
黔西县,黔西县,520522,52,贵州省,5205,毕节市,103.0822743
金沙县,金沙县,520523,52,贵州省,5205,毕节市,104.532157
织金县,织金县,520524,52,贵州省,5205,毕节市,100.047698
纳雍县,纳雍县,520525,52,贵州省,5205,毕节市,101.0278702
威宁彝族回族苗族自治县,,520526,52,贵州省,5205,毕节市,101.4391103
赫章县,赫章县,520527,52,贵州省,5205,毕节市,99.2593469
江口县,江口县,520621,52,贵州省,5206,铜仁市,106.1576244
玉屏侗族自治县,玉屏侗族自治县,520622,52,贵州省,5206,铜仁市,109.2037237
石阡县,石阡县,520623,52,贵州省,5206,铜仁市,104.7957877
思南县,思南县,520624,52,贵州省,5206,铜仁市,101.4573577
印江土家族苗族自治县,印江土家族苗族自治县,520625,52,贵州省,5206,铜仁市,105.1721212
德江县,德江县,520626,52,贵州省,5206,铜仁市,104.8403469
沿河土家族自治县,沿河土家族自治县,520627,52,贵州省,5206,铜仁市,100.4837738
松桃苗族自治县,松桃苗族自治县,520628,52,贵州省,5206,铜仁市,102.205567
兴仁县,兴仁县,522322,52,贵州省,5223,黔西南布依族苗族自治州,103.6490935
普安县,普安县,522323,52,贵州省,5223,黔西南布依族苗族自治州,104.8370394
晴隆县,晴隆县,522324,52,贵州省,5223,黔西南布依族苗族自治州,101.4650645
贞丰县,贞丰县,522325,52,贵州省,5223,黔西南布依族苗族自治州,101.6336508
望谟县,望谟县,522326,52,贵州省,5223,黔西南布依族苗族自治州,102.5301094
册亨县,册亨县,522327,52,贵州省,5223,黔西南布依族苗族自治州,101.6153844
安龙县,安龙县,522328,52,贵州省,5223,黔西南布依族苗族自治州,104.4192265
黄平县,黄平县,522622,52,贵州省,5226,黔东南苗族侗族自治州,103.4553771
施秉县,施秉县,522623,52,贵州省,5226,黔东南苗族侗族自治州,103.5968893
三穗县,三穗县,522624,52,贵州省,5226,黔东南苗族侗族自治州,105.5679461
镇远县,镇远县,522625,52,贵州省,5226,黔东南苗族侗族自治州,104.8588052
岑巩县,岑巩县,522626,52,贵州省,5226,黔东南苗族侗族自治州,102.962217
天柱县,天柱县,522627,52,贵州省,5226,黔东南苗族侗族自治州,102.0820132
锦屏县,锦屏县,522628,52,贵州省,5226,黔东南苗族侗族自治州,102.7933113
剑河县,剑河县,522629,52,贵州省,5226,黔东南苗族侗族自治州,101.1532971
台江县,台江县,522630,52,贵州省,5226,黔东南苗族侗族自治州,103.2210365
黎平县,黎平县,522631,52,贵州省,5226,黔东南苗族侗族自治州,104.4890371
榕江县,榕江县,522632,52,贵州省,5226,黔东南苗族侗族自治州,104.5888422
从江县,从江县,522633,52,贵州省,5226,黔东南苗族侗族自治州,104.531761
雷山县,雷山县,522634,52,贵州省,5226,黔东南苗族侗族自治州,105.1821322
麻江县,麻江县,522635,52,贵州省,5226,黔东南苗族侗族自治州,103.4774401
丹寨县,丹寨县,522636,52,贵州省,5226,黔东南苗族侗族自治州,104.9034174
荔波县,荔波县,522722,52,贵州省,5227,黔南布依族苗族自治州,108.7626596
贵定县,贵定县,522723,52,贵州省,5227,黔南布依族苗族自治州,108.3982324
瓮安县,瓮安县,522725,52,贵州省,5227,黔南布依族苗族自治州,104.9464267
独山县,独山县,522726,52,贵州省,5227,黔南布依族苗族自治州,108.6758914
平塘县,平塘县,522727,52,贵州省,5227,黔南布依族苗族自治州,103.31625
罗甸县,罗甸县,522728,52,贵州省,5227,黔南布依族苗族自治州,105.0853658
长顺县,长顺县,522729,52,贵州省,5227,黔南布依族苗族自治州,102.7081367
龙里县,龙里县,522730,52,贵州省,5227,黔南布依族苗族自治州,111.0694209
惠水县,惠水县,522731,52,贵州省,5227,黔南布依族苗族自治州,108.6798463
三都水族自治县,三都水族自治县,522732,52,贵州省,5227,黔南布依族苗族自治州,101.2911197
富民县,富民县,530124,53,云南省,5301,昆明市,107.3905883
宜良县,宜良县,530125,53,云南省,5301,昆明市,111.0302843
石林彝族自治县,石林彝族自治县,530126,53,云南省,5301,昆明市,108.4046527
嵩明县,嵩明县,530127,53,云南省,5301,昆明市,110.7534251
禄劝彝族苗族自治县,禄劝彝族苗族自治县,530128,53,云南省,5301,昆明市,104.925898
寻甸回族彝族自治县,寻甸回族彝族自治县,530129,53,云南省,5301,昆明市,103.9294843
陆良县,陆良县,530322,53,云南省,5303,曲靖市,108.3826452
师宗县,师宗县,530323,53,云南省,5303,曲靖市,104.4658347
罗平县,罗平县,530324,53,云南省,5303,曲靖市,104.7162514
富源县,富源县,530325,53,云南省,5303,曲靖市,103.5779821
会泽县,会泽县,530326,53,云南省,5303,曲靖市,103.945792
澄江县,澄江县,530422,53,云南省,5304,玉溪市,110.4759436
通海县,通海县,530423,53,云南省,5304,玉溪市,111.275943
华宁县,华宁县,530424,53,云南省,5304,玉溪市,105.8744116
易门县,易门县,530425,53,云南省,5304,玉溪市,106.8335505
峨山彝族自治县,峨山彝族自治县,530426,53,云南省,5304,玉溪市,108.5938419
新平彝族傣族自治县,新平彝族傣族自治县,530427,53,云南省,5304,玉溪市,105.6812385
元江哈尼族彝族傣族自治县,,530428,53,云南省,5304,玉溪市,106.6828546
施甸县,施甸县,530521,53,云南省,5305,保山市,107.1220888
龙陵县,龙陵县,530523,53,云南省,5305,保山市,102.3149612
昌宁县,昌宁县,530524,53,云南省,5305,保山市,104.0898769
鲁甸县,鲁甸县,530621,53,云南省,5306,昭通市,97.97324797
巧家县,巧家县,530622,53,云南省,5306,昭通市,101.1560864
盐津县,盐津县,530623,53,云南省,5306,昭通市,102.7902754
大关县,大关县,530624,53,云南省,5306,昭通市,100.4128172
永善县,永善县,530625,53,云南省,5306,昭通市,100.6693555
绥江县,绥江县,530626,53,云南省,5306,昭通市,104.4292278
镇雄县,镇雄县,530627,53,云南省,5306,昭通市,98.05881341
彝良县,彝良县,530628,53,云南省,5306,昭通市,100.6934049
威信县,威信县,530629,53,云南省,5306,昭通市,102.0141489
水富县,水富县,530630,53,云南省,5306,昭通市,108.6466258
玉龙纳西族自治县,玉龙纳西族自治县,530721,53,云南省,5307,丽江市,112.5325953
永胜县,永胜县,530722,53,云南省,5307,丽江市,103.4112242
华坪县,华坪县,530723,53,云南省,5307,丽江市,106.8387996
宁蒗彝族自治县,宁蒗彝族自治县,530724,53,云南省,5307,丽江市,102.4390928
宁洱哈尼族彝族自治县,,530821,53,云南省,5308,普洱市,105.8595234
墨江哈尼族自治县,墨江哈尼族自治县,530822,53,云南省,5308,普洱市,100.9409097
景东彝族自治县,景东彝族自治县,530823,53,云南省,5308,普洱市,101.1165039
景谷傣族彝族自治县,景谷傣族彝族自治县,530824,53,云南省,5308,普洱市,103.2639568
镇沅彝族哈尼族拉祜族自治县,,530825,53,云南省,5308,普洱市,102.8947878
江城哈尼族彝族自治县,江城哈尼族彝族自治县,530826,53,云南省,5308,普洱市,103.8312797
孟连傣族拉祜族佤族自治县,,530827,53,云南省,5308,普洱市,109.0512129
澜沧拉祜族自治县,澜沧拉祜族自治县,530828,53,云南省,5308,普洱市,104.6339909
西盟佤族自治县,西盟佤族自治县,530829,53,云南省,5308,普洱市,101.9990578
凤庆县,凤庆县,530921,53,云南省,5309,临沧市,103.3983443
云县,云县,530922,53,云南省,5309,临沧市,102.5919367
永德县,永德县,530923,53,云南省,5309,临沧市,102.7401115
镇康县,镇康县,530924,53,云南省,5309,临沧市,106.3113133
双江拉祜族佤族布朗族傣族自治县,,530925,53,云南省,5309,临沧市,103.9273601
耿马傣族佤族自治县,耿马傣族佤族自治县,530926,53,云南省,5309,临沧市,106.2372565
沧源佤族自治县,沧源佤族自治县,530927,53,云南省,5309,临沧市,105.7455194
双柏县,双柏县,532322,53,云南省,5323,楚雄彝族自治州,101.5589452
牟定县,牟定县,532323,53,云南省,5323,楚雄彝族自治州,101.2892093
南华县,南华县,532324,53,云南省,5323,楚雄彝族自治州,102.8480119
姚安县,姚安县,532325,53,云南省,5323,楚雄彝族自治州,103.1408572
大姚县,大姚县,532326,53,云南省,5323,楚雄彝族自治州,100.7177788
永仁县,永仁县,532327,53,云南省,5323,楚雄彝族自治州,105.2771582
元谋县,元谋县,532328,53,云南省,5323,楚雄彝族自治州,105.469322
武定县,武定县,532329,53,云南省,5323,楚雄彝族自治州,101.7021544
禄丰县,禄丰县,532331,53,云南省,5323,楚雄彝族自治州,103.5331628
屏边苗族自治县,屏边苗族自治县,532523,53,云南省,5325,红河哈尼族彝族自治州,102.7343466
建水县,建水县,532524,53,云南省,5325,红河哈尼族彝族自治州,106.8456153
石屏县,石屏县,532525,53,云南省,5325,红河哈尼族彝族自治州,105.7817082
泸西县,泸西县,532527,53,云南省,5325,红河哈尼族彝族自治州,102.5913633
元阳县,元阳县,532528,53,云南省,5325,红河哈尼族彝族自治州,98.47155729
红河县,红河县,532529,53,云南省,5325,红河哈尼族彝族自治州,99.84357321
金平苗族瑶族傣族自治县,,532530,53,云南省,5325,红河哈尼族彝族自治州,102.2058319
绿春县,绿春县,532531,53,云南省,5325,红河哈尼族彝族自治州,99.12663306
河口瑶族自治县,河口瑶族自治县,532532,53,云南省,5325,红河哈尼族彝族自治州,112.9110535
砚山县,砚山县,532622,53,云南省,5326,文山壮族苗族自治州,103.1689103
西畴县,西畴县,532623,53,云南省,5326,文山壮族苗族自治州,100.8297094
麻栗坡县,麻栗坡县,532624,53,云南省,5326,文山壮族苗族自治州,104.9128225
马关县,马关县,532625,53,云南省,5326,文山壮族苗族自治州,103.2002655
丘北县,丘北县,532626,53,云南省,5326,文山壮族苗族自治州,101.7843744
广南县,广南县,532627,53,云南省,5326,文山壮族苗族自治州,99.90402126
富宁县,富宁县,532628,53,云南省,5326,文山壮族苗族自治州,103.2651019
勐海县,勐海县,532822,53,云南省,5328,西双版纳傣族自治州,109.3314873
勐腊县,勐腊县,532823,53,云南省,5328,西双版纳傣族自治州,109.1404785
漾濞彝族自治县,漾濞彝族自治县,532922,53,云南省,5329,大理白族自治州,102.1450518
祥云县,祥云县,532923,53,云南省,5329,大理白族自治州,107.969185
宾川县,宾川县,532924,53,云南省,5329,大理白族自治州,105.9311639
弥渡县,弥渡县,532925,53,云南省,5329,大理白族自治州,103.8894697
南涧彝族自治县,南涧彝族自治县,532926,53,云南省,5329,大理白族自治州,105.8943692
巍山彝族回族自治县,巍山彝族回族自治县,532927,53,云南省,5329,大理白族自治州,103.1107269
永平县,永平县,532928,53,云南省,5329,大理白族自治州,103.1099135
云龙县,云龙县,532929,53,云南省,5329,大理白族自治州,104.6556509
洱源县,洱源县,532930,53,云南省,5329,大理白族自治州,102.0607408
剑川县,剑川县,532931,53,云南省,5329,大理白族自治州,104.8492679
鹤庆县,鹤庆县,532932,53,云南省,5329,大理白族自治州,103.8440378
梁河县,梁河县,533122,53,云南省,5331,德宏傣族景颇族自治州,102.0745912
盈江县,盈江县,533123,53,云南省,5331,德宏傣族景颇族自治州,104.6844519
陇川县,陇川县,533124,53,云南省,5331,德宏傣族景颇族自治州,103.9994768
福贡县,福贡县,533323,53,云南省,5333,怒江傈僳族自治州,103.6297645
贡山独龙族怒族自治县,贡山独龙族怒族自治县,533324,53,云南省,5333,怒江傈僳族自治州,106.5293391
兰坪白族普米族自治县,兰坪白族普米族自治县,533325,53,云南省,5333,怒江傈僳族自治州,104.1452998
德钦县,德钦县,533422,53,云南省,5334,迪庆藏族自治州,103.8320959
维西傈僳族自治县,维西傈僳族自治县,533423,53,云南省,5334,迪庆藏族自治州,103.3641803
林周县,林周县,540121,54,西藏自治区,5401,拉萨市,97.84455073
当雄县,当雄县,540122,54,西藏自治区,5401,拉萨市,102.8915577
尼木县,尼木县,540123,54,西藏自治区,5401,拉萨市,105.4802367
曲水县,曲水县,540124,54,西藏自治区,5401,拉萨市,106.3791837
墨竹工卡县,墨竹工卡县,540127,54,西藏自治区,5401,拉萨市,103.9314489
扎囊县,扎囊县,540521,54,西藏自治区,5405,山南市,103.8529632
贡嘎县,贡嘎县,540522,54,西藏自治区,5405,山南市,114.1906536
桑日县,桑日县,540523,54,西藏自治区,5405,山南市,107.419555
琼结县,琼结县,540524,54,西藏自治区,5405,山南市,100.836844
曲松县,曲松县,540525,54,西藏自治区,5405,山南市,105.593606
措美县,措美县,540526,54,西藏自治区,5405,山南市,103.9231852
加查县,加查县,540528,54,西藏自治区,5405,山南市,109.9952479
隆子县,隆子县,540529,54,西藏自治区,5405,山南市,104.9298815
错那县,错那县,540530,54,西藏自治区,5405,山南市,104.9416937
浪卡子县,浪卡子县,540531,54,西藏自治区,5405,山南市,97.67332461
嘉黎县,嘉黎县,540621,54,西藏自治区,5406,那曲市,100.6175003
比如县,比如县,540622,54,西藏自治区,5406,那曲市,103.9094766
聂荣县,聂荣县,540623,54,西藏自治区,5406,那曲市,95.27719464
安多县,安多县,540624,54,西藏自治区,5406,那曲市,97.681917
索县,索县,540626,54,西藏自治区,5406,那曲市,98.48217356
班戈县,班戈县,540627,54,西藏自治区,5406,那曲市,99.06399083
巴青县,巴青县,540628,54,西藏自治区,5406,那曲市,95.34960993
尼玛县,尼玛县,540629,54,西藏自治区,5406,那曲市,99.23445743
双湖县,,540630,54,西藏自治区,5406,那曲市,102.8190826
普兰县,普兰县,542521,54,西藏自治区,5425,阿里地区,107.3420656
札达县,札达县,542522,54,西藏自治区,5425,阿里地区,105.0214018
噶尔县,噶尔县,542523,54,西藏自治区,5425,阿里地区,117.0121566
日土县,日土县,542524,54,西藏自治区,5425,阿里地区,105.548559
革吉县,革吉县,542525,54,西藏自治区,5425,阿里地区,94.64429828
改则县,改则县,542526,54,西藏自治区,5425,阿里地区,96.62538866
措勤县,措勤县,542527,54,西藏自治区,5425,阿里地区,101.9782214
蓝田县,蓝田县,610122,61,陕西省,6101,西安市,101.5976869
周至县,周至县,610124,61,陕西省,6101,西安市,102.9271219
宜君县,宜君县,610222,61,陕西省,6102,铜川市,101.8433046
凤翔县,凤翔县,610322,61,陕西省,6103,宝鸡市,102.8493287
岐山县,岐山县,610323,61,陕西省,6103,宝鸡市,105.5322329
扶风县,扶风县,610324,61,陕西省,6103,宝鸡市,103.0950789
眉县,眉县,610326,61,陕西省,6103,宝鸡市,105.9987822
陇县,陇县,610327,61,陕西省,6103,宝鸡市,100.9357788
千阳县,千阳县,610328,61,陕西省,6103,宝鸡市,103.7466014
麟游县,麟游县,610329,61,陕西省,6103,宝鸡市,103.8294797
凤县,凤县,610330,61,陕西省,6103,宝鸡市,107.043424
太白县,太白县,610331,61,陕西省,6103,宝鸡市,106.5831262
三原县,三原县,610422,61,陕西省,6104,咸阳市,105.7186771
泾阳县,泾阳县,610423,61,陕西省,6104,咸阳市,105.5837105
乾县,乾县,610424,61,陕西省,6104,咸阳市,99.60426906
礼泉县,礼泉县,610425,61,陕西省,6104,咸阳市,103.7439261
永寿县,永寿县,610426,61,陕西省,6104,咸阳市,99.97826579
长武县,长武县,610428,61,陕西省,6104,咸阳市,104.8260695
旬邑县,旬邑县,610429,61,陕西省,6104,咸阳市,102.6573415
淳化县,淳化县,610430,61,陕西省,6104,咸阳市,106.4352036
武功县,武功县,610431,61,陕西省,6104,咸阳市,104.636087
潼关县,潼关县,610522,61,陕西省,6105,渭南市,106.7940173
大荔县,大荔县,610523,61,陕西省,6105,渭南市,103.0429444
合阳县,合阳县,610524,61,陕西省,6105,渭南市,102.7660374
澄城县,澄城县,610525,61,陕西省,6105,渭南市,104.2874798
蒲城县,蒲城县,610526,61,陕西省,6105,渭南市,104.2204117
白水县,白水县,610527,61,陕西省,6105,渭南市,103.1239063
富平县,富平县,610528,61,陕西省,6105,渭南市,102.5630402
延长县,延长县,610621,61,陕西省,6106,延安市,101.4395622
延川县,延川县,610622,61,陕西省,6106,延安市,104.4116968
子长县,子长县,610623,61,陕西省,6106,延安市,105.4695568
志丹县,志丹县,610625,61,陕西省,6106,延安市,106.3974288
吴起县,,610626,61,陕西省,6106,延安市,104.2069443
甘泉县,甘泉县,610627,61,陕西省,6106,延安市,104.1105682
富县,富县,610628,61,陕西省,6106,延安市,108.407585
洛川县,洛川县,610629,61,陕西省,6106,延安市,108.5792198
宜川县,宜川县,610630,61,陕西省,6106,延安市,104.4954161
黄龙县,黄龙县,610631,61,陕西省,6106,延安市,107.2389633
黄陵县,黄陵县,610632,61,陕西省,6106,延安市,109.2461672
城固县,城固县,610722,61,陕西省,6107,汉中市,106.7924373
洋县,洋县,610723,61,陕西省,6107,汉中市,103.826821
西乡县,西乡县,610724,61,陕西省,6107,汉中市,104.9679544
勉县,勉县,610725,61,陕西省,6107,汉中市,104.9353737
宁强县,宁强县,610726,61,陕西省,6107,汉中市,102.8840115
略阳县,略阳县,610727,61,陕西省,6107,汉中市,107.0584236
镇巴县,镇巴县,610728,61,陕西省,6107,汉中市,101.9905199
留坝县,留坝县,610729,61,陕西省,6107,汉中市,105.2384862
佛坪县,佛坪县,610730,61,陕西省,6107,汉中市,110.1666669
府谷县,府谷县,610822,61,陕西省,6108,榆林市,109.5710424
靖边县,靖边县,610824,61,陕西省,6108,榆林市,106.9403434
定边县,定边县,610825,61,陕西省,6108,榆林市,106.1183883
绥德县,绥德县,610826,61,陕西省,6108,榆林市,101.8329972
米脂县,米脂县,610827,61,陕西省,6108,榆林市,103.760021
佳县,佳县,610828,61,陕西省,6108,榆林市,97.18214717
吴堡县,吴堡县,610829,61,陕西省,6108,榆林市,100.1018075
清涧县,清涧县,610830,61,陕西省,6108,榆林市,100.8567538
子洲县,子洲县,610831,61,陕西省,6108,榆林市,97.47047193
汉阴县,汉阴县,610921,61,陕西省,6109,安康市,106.9522667
石泉县,石泉县,610922,61,陕西省,6109,安康市,106.1091586
宁陕县,宁陕县,610923,61,陕西省,6109,安康市,106.0161846
紫阳县,紫阳县,610924,61,陕西省,6109,安康市,105.0384132
岚皋县,岚皋县,610925,61,陕西省,6109,安康市,104.760805
平利县,平利县,610926,61,陕西省,6109,安康市,106.8165444
镇坪县,镇坪县,610927,61,陕西省,6109,安康市,107.3156751
旬阳县,旬阳县,610928,61,陕西省,6109,安康市,103.6060363
白河县,白河县,610929,61,陕西省,6109,安康市,105.0264762
洛南县,洛南县,611021,61,陕西省,6110,商洛市,101.6792456
丹凤县,丹凤县,611022,61,陕西省,6110,商洛市,101.4687606
商南县,商南县,611023,61,陕西省,6110,商洛市,103.8297287
山阳县,山阳县,611024,61,陕西省,6110,商洛市,101.7055569
镇安县,镇安县,611025,61,陕西省,6110,商洛市,103.986108
柞水县,柞水县,611026,61,陕西省,6110,商洛市,107.4337765
永登县,永登县,620121,62,甘肃省,6201,兰州市,106.0702122
皋兰县,皋兰县,620122,62,甘肃省,6201,兰州市,105.7340367
榆中县,榆中县,620123,62,甘肃省,6201,兰州市,109.1118898
永昌县,永昌县,620321,62,甘肃省,6203,金昌市,103.7189247
靖远县,靖远县,620421,62,甘肃省,6204,白银市,104.401425
会宁县,会宁县,620422,62,甘肃省,6204,白银市,100.5982953
景泰县,景泰县,620423,62,甘肃省,6204,白银市,107.3385831
清水县,清水县,620521,62,甘肃省,6205,天水市,96.68889735
秦安县,秦安县,620522,62,甘肃省,6205,天水市,100.9669706
甘谷县,甘谷县,620523,62,甘肃省,6205,天水市,97.59679512
武山县,武山县,620524,62,甘肃省,6205,天水市,96.6755256
民勤县,民勤县,620621,62,甘肃省,6206,武威市,101.4508888
古浪县,古浪县,620622,62,甘肃省,6206,武威市,96.37016373
民乐县,民乐县,620722,62,甘肃省,6207,张掖市,102.5707718
临泽县,临泽县,620723,62,甘肃省,6207,张掖市,106.8385473
高台县,高台县,620724,62,甘肃省,6207,张掖市,105.0325693
山丹县,山丹县,620725,62,甘肃省,6207,张掖市,106.3495034
泾川县,泾川县,620821,62,甘肃省,6208,平凉市,100.4368557
灵台县,灵台县,620822,62,甘肃省,6208,平凉市,103.443587
崇信县,崇信县,620823,62,甘肃省,6208,平凉市,102.0367321
华亭县,华亭县,620824,62,甘肃省,6208,平凉市,104.9884216
庄浪县,庄浪县,620825,62,甘肃省,6208,平凉市,96.39893152
静宁县,静宁县,620826,62,甘肃省,6208,平凉市,99.15069314
金塔县,金塔县,620921,62,甘肃省,6209,酒泉市,110.1251269
瓜州县,,620922,62,甘肃省,6209,酒泉市,108.0733135
肃北蒙古族自治县,肃北蒙古族自治县,620923,62,甘肃省,6209,酒泉市,112.2736008
阿克塞哈萨克族自治县,阿克塞哈萨克族自治县,620924,62,甘肃省,6209,酒泉市,110.4836246
庆城县,庆城县,621021,62,甘肃省,6210,庆阳市,103.4160153
环县,环县,621022,62,甘肃省,6210,庆阳市,102.1930516
华池县,华池县,621023,62,甘肃省,6210,庆阳市,103.0215265
合水县,合水县,621024,62,甘肃省,6210,庆阳市,102.2723358
正宁县,正宁县,621025,62,甘肃省,6210,庆阳市,101.1435451
宁县,宁县,621026,62,甘肃省,6210,庆阳市,97.97517083
镇原县,镇原县,621027,62,甘肃省,6210,庆阳市,97.46543827
通渭县,通渭县,621121,62,甘肃省,6211,定西市,95.89160705
陇西县,陇西县,621122,62,甘肃省,6211,定西市,104.0321947
渭源县,渭源县,621123,62,甘肃省,6211,定西市,98.29008915
临洮县,临洮县,621124,62,甘肃省,6211,定西市,103.2493173
漳县,漳县,621125,62,甘肃省,6211,定西市,98.27198421
岷县,岷县,621126,62,甘肃省,6211,定西市,97.81365764
成县,成县,621221,62,甘肃省,6212,陇南市,103.6910902
文县,文县,621222,62,甘肃省,6212,陇南市,101.4651398
宕昌县,宕昌县,621223,62,甘肃省,6212,陇南市,99.41814506
康县,康县,621224,62,甘肃省,6212,陇南市,100.0539869
西和县,西和县,621225,62,甘肃省,6212,陇南市,98.91543398
礼县,礼县,621226,62,甘肃省,6212,陇南市,98.07631221
徽县,徽县,621227,62,甘肃省,6212,陇南市,101.3925019
两当县,两当县,621228,62,甘肃省,6212,陇南市,102.4073587
临夏县,临夏县,622921,62,甘肃省,6229,临夏回族自治州,92.59903013
康乐县,康乐县,622922,62,甘肃省,6229,临夏回族自治州,94.12924217
永靖县,永靖县,622923,62,甘肃省,6229,临夏回族自治州,102.609486
广河县,广河县,622924,62,甘肃省,6229,临夏回族自治州,98.5737369
和政县,和政县,622925,62,甘肃省,6229,临夏回族自治州,99.66204675
东乡族自治县,东乡族自治县,622926,62,甘肃省,6229,临夏回族自治州,88.42080832
积石山保安族东乡族撒拉族自治县,,622927,62,甘肃省,6229,临夏回族自治州,93.98705949
临潭县,临潭县,623021,62,甘肃省,6230,甘南藏族自治州,96.0666873
卓尼县,卓尼县,623022,62,甘肃省,6230,甘南藏族自治州,96.68996121
舟曲县,舟曲县,623023,62,甘肃省,6230,甘南藏族自治州,98.53514789
迭部县,迭部县,623024,62,甘肃省,6230,甘南藏族自治州,104.483041
玛曲县,玛曲县,623025,62,甘肃省,6230,甘南藏族自治州,101.6635121
碌曲县,碌曲县,623026,62,甘肃省,6230,甘南藏族自治州,96.5172683
夏河县,夏河县,623027,62,甘肃省,6230,甘南藏族自治州,100.1720934
大通回族土族自治县,大通回族土族自治县,630121,63,青海省,6301,西宁市,98.38196154
湟中县,湟中县,630122,63,青海省,6301,西宁市,100.0371519
湟源县,湟源县,630123,63,青海省,6301,西宁市,98.63509843
门源回族自治县,门源回族自治县,632221,63,青海省,6322,海北藏族自治州,94.65243358
祁连县,祁连县,632222,63,青海省,6322,海北藏族自治州,102.7100324
海晏县,海晏县,632223,63,青海省,6322,海北藏族自治州,104.0766266
刚察县,刚察县,632224,63,青海省,6322,海北藏族自治州,100.0345575
同仁县,同仁县,632321,63,青海省,6323,黄南藏族自治州,101.9283974
尖扎县,尖扎县,632322,63,青海省,6323,黄南藏族自治州,97.99532019
泽库县,泽库县,632323,63,青海省,6323,黄南藏族自治州,91.12980605
河南蒙古族自治县,河南蒙古族自治县,632324,63,青海省,6323,黄南藏族自治州,95.48587462
共和县,共和县,632521,63,青海省,6325,海南藏族自治州,103.2270791
同德县,同德县,632522,63,青海省,6325,海南藏族自治州,90.7935178
贵德县,贵德县,632523,63,青海省,6325,海南藏族自治州,101.0915655
兴海县,兴海县,632524,63,青海省,6325,海南藏族自治州,90.13652508
贵南县,贵南县,632525,63,青海省,6325,海南藏族自治州,94.76506781
玛沁县,玛沁县,632621,63,青海省,6326,果洛藏族自治州,104.6378267
班玛县,班玛县,632622,63,青海省,6326,果洛藏族自治州,97.96638131
甘德县,甘德县,632623,63,青海省,6326,果洛藏族自治州,104.9691355
达日县,达日县,632624,63,青海省,6326,果洛藏族自治州,99.20600197
久治县,久治县,632625,63,青海省,6326,果洛藏族自治州,103.4879014
玛多县,玛多县,632626,63,青海省,6326,果洛藏族自治州,95.62095207
杂多县,杂多县,632722,63,青海省,6327,玉树藏族自治州,94.98024312
称多县,称多县,632723,63,青海省,6327,玉树藏族自治州,92.41649843
治多县,治多县,632724,63,青海省,6327,玉树藏族自治州,93.95228153
囊谦县,囊谦县,632725,63,青海省,6327,玉树藏族自治州,92.52710312
曲麻莱县,曲麻莱县,632726,63,青海省,6327,玉树藏族自治州,95.39333884
乌兰县,乌兰县,632821,63,青海省,6328,海西蒙古族藏族自治州,104.3227429
都兰县,都兰县,632822,63,青海省,6328,海西蒙古族藏族自治州,99.25864006
天峻县,天峻县,632823,63,青海省,6328,海西蒙古族藏族自治州,103.2998078
永宁县,永宁县,640121,64,宁夏回族自治区,6401,银川市,108.8326707
贺兰县,贺兰县,640122,64,宁夏回族自治区,6401,银川市,113.2618787
平罗县,平罗县,640221,64,宁夏回族自治区,6402,石嘴山市,103.233328
盐池县,盐池县,640323,64,宁夏回族自治区,6403,吴忠市,103.7247399
同心县,同心县,640324,64,宁夏回族自治区,6403,吴忠市,98.61542296
西吉县,西吉县,640422,64,宁夏回族自治区,6404,固原市,95.19620678
隆德县,隆德县,640423,64,宁夏回族自治区,6404,固原市,99.74057886
泾源县,泾源县,640424,64,宁夏回族自治区,6404,固原市,99.04110793
彭阳县,彭阳县,640425,64,宁夏回族自治区,6404,固原市,95.05115684
中宁县,中宁县,640521,64,宁夏回族自治区,6405,中卫市,103.7130954
海原县,海原县,640522,64,宁夏回族自治区,6405,中卫市,92.67890728
乌鲁木齐县,乌鲁木齐县,650121,65,新疆维吾尔自治区,6501,乌鲁木齐市,105.5475858
巴里坤哈萨克自治县,,650521,65,新疆维吾尔自治区,6505,哈密市,104.87412
伊吾县,伊吾县,650522,65,新疆维吾尔自治区,6505,哈密市,113.855779
呼图壁县,呼图壁县,652323,65,新疆维吾尔自治区,6523,昌吉回族自治州,103.5716992
玛纳斯县,玛纳斯县,652324,65,新疆维吾尔自治区,6523,昌吉回族自治州,120.120014
奇台县,奇台县,652325,65,新疆维吾尔自治区,6523,昌吉回族自治州,104.3002492
吉木萨尔县,吉木萨尔县,652327,65,新疆维吾尔自治区,6523,昌吉回族自治州,110.5130166
木垒哈萨克自治县,木垒哈萨克自治县,652328,65,新疆维吾尔自治区,6523,昌吉回族自治州,100.3021983
精河县,精河县,652722,65,新疆维吾尔自治区,6527,博尔塔拉蒙古自治州,104.0194099
温泉县,温泉县,652723,65,新疆维吾尔自治区,6527,博尔塔拉蒙古自治州,98.67395118
轮台县,轮台县,652822,65,新疆维吾尔自治区,6528,巴音郭楞蒙古自治州,107.2156563
尉犁县,尉犁县,652823,65,新疆维吾尔自治区,6528,巴音郭楞蒙古自治州,104.4975638
若羌县,若羌县,652824,65,新疆维吾尔自治区,6528,巴音郭楞蒙古自治州,111.068385
且末县,且末县,652825,65,新疆维吾尔自治区,6528,巴音郭楞蒙古自治州,106.833072
焉耆回族自治县,焉耆回族自治县,652826,65,新疆维吾尔自治区,6528,巴音郭楞蒙古自治州,102.5103344
和静县,和静县,652827,65,新疆维吾尔自治区,6528,巴音郭楞蒙古自治州,104.5291502
和硕县,和硕县,652828,65,新疆维吾尔自治区,6528,巴音郭楞蒙古自治州,111.2469151
博湖县,博湖县,652829,65,新疆维吾尔自治区,6528,巴音郭楞蒙古自治州,100.3347686
温宿县,温宿县,652922,65,新疆维吾尔自治区,6529,阿克苏地区,103.4995159
库车县,库车县,652923,65,新疆维吾尔自治区,6529,阿克苏地区,104.0665224
沙雅县,沙雅县,652924,65,新疆维吾尔自治区,6529,阿克苏地区,100.3978054
新和县,新和县,652925,65,新疆维吾尔自治区,6529,阿克苏地区,98.27827499
拜城县,拜城县,652926,65,新疆维吾尔自治区,6529,阿克苏地区,101.201621
乌什县,乌什县,652927,65,新疆维吾尔自治区,6529,阿克苏地区,98.22585782
阿瓦提县,阿瓦提县,652928,65,新疆维吾尔自治区,6529,阿克苏地区,98.69707929
柯坪县,柯坪县,652929,65,新疆维吾尔自治区,6529,阿克苏地区,101.5047019
阿克陶县,阿克陶县,653022,65,新疆维吾尔自治区,6530,克孜勒苏柯尔克孜自治州,102.442566
阿合奇县,阿合奇县,653023,65,新疆维吾尔自治区,6530,克孜勒苏柯尔克孜自治州,102.307563
乌恰县,乌恰县,653024,65,新疆维吾尔自治区,6530,克孜勒苏柯尔克孜自治州,106.6383469
疏附县,疏附县,653121,65,新疆维吾尔自治区,6531,喀什地区,96.09091174
疏勒县,疏勒县,653122,65,新疆维吾尔自治区,6531,喀什地区,101.703134
英吉沙县,英吉沙县,653123,65,新疆维吾尔自治区,6531,喀什地区,96.77225798
泽普县,泽普县,653124,65,新疆维吾尔自治区,6531,喀什地区,102.3234187
莎车县,莎车县,653125,65,新疆维吾尔自治区,6531,喀什地区,100.7356235
叶城县,叶城县,653126,65,新疆维吾尔自治区,6531,喀什地区,99.43581328
麦盖提县,麦盖提县,653127,65,新疆维吾尔自治区,6531,喀什地区,101.1582159
岳普湖县,岳普湖县,653128,65,新疆维吾尔自治区,6531,喀什地区,99.93127172
伽师县,伽师县,653129,65,新疆维吾尔自治区,6531,喀什地区,97.61185101
巴楚县,巴楚县,653130,65,新疆维吾尔自治区,6531,喀什地区,101.0551508
塔什库尔干塔吉克自治县,,653131,65,新疆维吾尔自治区,6531,喀什地区,105.1788079
和田县,和田县,653221,65,新疆维吾尔自治区,6532,和田地区,94.27666024
墨玉县,墨玉县,653222,65,新疆维吾尔自治区,6532,和田地区,96.26247322
皮山县,皮山县,653223,65,新疆维吾尔自治区,6532,和田地区,99.84322252
洛浦县,洛浦县,653224,65,新疆维吾尔自治区,6532,和田地区,95.97273675
策勒县,策勒县,653225,65,新疆维吾尔自治区,6532,和田地区,99.777728
于田县,于田县,653226,65,新疆维吾尔自治区,6532,和田地区,98.33981971
民丰县,民丰县,653227,65,新疆维吾尔自治区,6532,和田地区,103.9149359
伊宁县,伊宁县,654021,65,新疆维吾尔自治区,6540,伊犁哈萨克自治州,95.59504008
察布查尔锡伯自治县,察布查尔锡伯自治县,654022,65,新疆维吾尔自治区,6540,伊犁哈萨克自治州,102.0497931
霍城县,霍城县,654023,65,新疆维吾尔自治区,6540,伊犁哈萨克自治州,101.5598074
巩留县,巩留县,654024,65,新疆维吾尔自治区,6540,伊犁哈萨克自治州,96.9383611
新源县,新源县,654025,65,新疆维吾尔自治区,6540,伊犁哈萨克自治州,101.0499998
昭苏县,昭苏县,654026,65,新疆维吾尔自治区,6540,伊犁哈萨克自治州,97.78340212
特克斯县,特克斯县,654027,65,新疆维吾尔自治区,6540,伊犁哈萨克自治州,98.22189016
尼勒克县,尼勒克县,654028,65,新疆维吾尔自治区,6540,伊犁哈萨克自治州,98.45371063
额敏县,额敏县,654221,65,新疆维吾尔自治区,6542,塔城地区,104.5068735
沙湾县,沙湾县,654223,65,新疆维吾尔自治区,6542,塔城地区,108.7034423
托里县,托里县,654224,65,新疆维吾尔自治区,6542,塔城地区,101.2892795
裕民县,裕民县,654225,65,新疆维吾尔自治区,6542,塔城地区,102.9935191
和布克赛尔蒙古自治县,和布克赛尔蒙古自治县,654226,65,新疆维吾尔自治区,6542,塔城地区,103.2551796
布尔津县,布尔津县,654321,65,新疆维吾尔自治区,6543,阿勒泰地区,103.4751831
富蕴县,富蕴县,654322,65,新疆维吾尔自治区,6543,阿勒泰地区,103.6843889
福海县,福海县,654323,65,新疆维吾尔自治区,6543,阿勒泰地区,105.6242329
哈巴河县,哈巴河县,654324,65,新疆维吾尔自治区,6543,阿勒泰地区,102.0561335
青河县,青河县,654325,65,新疆维吾尔自治区,6543,阿勒泰地区,104.1028892
吉木乃县,吉木乃县,654326,65,新疆维吾尔自治区,6543,阿勒泰地区,102.6185463
