,city_name,city_code,year,month,temp,gtemp,rain,wind,sunshine,humidity
0,七台河市,2309.0,2017,1,-13.916666666666664,-9.02,0.14000000000000004,3.9066666666666654,4.066666666666666,64.1
1,七台河市,2309.0,2017,12,-15.577419354838707,-10.764516129032257,0.11612903225806452,3.7967741935483867,3.5806451612903225,62.161290322580655
2,三亚市,4602.0,2017,1,19.74838709677419,22.945161290322584,0.15483870967741936,7.296774193548387,4.519354838709679,87.58064516129032
3,三亚市,4602.0,2017,12,18.596774193548384,21.645161290322584,0.4129032258064516,7.741935483870968,4.9548387096774205,81.51612903225806
4,三明市,3504.0,2017,1,13.222580645161285,15.0,1.5387096774193547,1.4225806451612906,3.2258064516129026,78.35483870967742
5,三明市,3504.0,2017,12,11.332258064516127,12.306451612903226,0.4806451612903225,1.3774193548387097,4.458064516129033,70.51612903225806
6,三门峽市,4112.0,2017,1,2.1,2.1225806451612907,0.12258064516129033,2.1258064516129025,4.309677419354839,55.096774193548384
7,三门峽市,4112.0,2017,12,2.0903225806451613,1.0322580645161288,0.0,2.1387096774193544,6.4612903225806475,43.516129032258064
8,上海市,3100.0,2017,1,6.787096774193548,6.764516129032258,2.029032258064516,2.496774193548388,3.441935483870968,72.80645161290323
9,上海市,3100.0,2017,12,7.096774193548387,6.541935483870968,0.6516129032258065,2.261290322580645,5.22258064516129,64.93548387096774
10,上饶市,3611.0,2017,1,8.974193548387099,10.164516129032256,1.0419354838709676,2.206451612903225,2.9645161290322584,79.25806451612904
11,上饶市,3611.0,2017,12,7.958064516129032,8.938709677419356,1.8193548387096767,1.7451612903225804,4.4967741935483865,71.4193548387097
12,东莞市,4419.0,2017,1,16.180645161290318,18.7516129032258,0.3225806451612903,2.1967741935483875,4.532258064516129,80.3225806451613
13,东莞市,4419.0,2017,12,15.006451612903225,17.83548387096774,0.025806451612903226,2.5064516129032257,5.83225806451613,65.70967741935483
14,东营市,3705.0,2017,1,-0.3483870967741936,-0.2806451612903225,0.31935483870967746,1.8806451612903228,4.041935483870968,65.58064516129032
15,东营市,3705.0,2017,12,0.8677419354838711,-1.3774193548387093,0.0,1.8741935483870968,5.4967741935483865,52.935483870967744
16,中卫市,6405.0,2017,1,-4.667741935483871,-3.941935483870968,0.0,2.1935483870967745,7.145161290322582,40.25806451612903
17,中卫市,6405.0,2017,12,-4.538709677419353,-4.6161290322580655,0.01935483870967742,1.8387096774193548,6.974193548387097,48.12903225806453
18,中山市,4420.0,2017,1,17.241935483870964,18.870967741935484,0.5870967741935483,2.016129032258065,4.45483870967742,78.0
19,中山市,4420.0,2017,12,16.39032258064516,18.658064516129038,0.0064516129032258064,2.4032258064516125,5.6000000000000005,58.548387096774185
20,临夏回族自治州,6229.0,2017,1,-3.8806451612903214,-3.170967741935484,0.02903225806451613,1.2709677419354841,5.2709677419354835,54.806451612903224
21,临夏回族自治州,6229.0,2017,12,-4.483870967741935,-4.035483870967742,0.0,0.970967741935484,6.009677419354838,56.806451612903224
22,临汾市,1410.0,2017,1,1.280645161290323,-0.4000000000000001,0.03870967741935484,1.2451612903225806,3.5935483870967744,46.12903225806453
23,临汾市,1410.0,2017,12,0.7645161290322582,-0.8935483870967741,0.04838709677419355,1.2677419354838708,6.083870967741937,41.87096774193548
24,临沂市,3713.0,2017,1,0.2741935483870965,1.503225806451613,1.2129032258064514,1.854838709677419,4.396774193548386,71.54838709677419
25,临沂市,3713.0,2017,12,1.035483870967742,0.8774193548387096,0.029032258064516123,1.635483870967742,5.161290322580643,57.225806451612904
26,临沧市,5309.0,2017,1,12.312903225806453,14.351612903225806,1.196774193548387,1.0258064516129028,8.535483870967742,67.54838709677419
27,临沧市,5309.0,2017,12,12.832258064516127,14.170967741935485,0.0,1.0451612903225809,7.929032258064517,69.7741935483871
28,丹东市,2106.0,2017,1,-5.483870967741934,-4.648387096774194,0.3838709677419355,3.0387096774193547,6.087096774193549,56.806451612903224
29,丹东市,2106.0,2017,12,-6.1903225806451605,-5.029032258064516,0.04193548387096775,2.638709677419355,5.451612903225807,56.70967741935484
30,丽水市,3311.0,2017,1,10.587096774193544,11.567741935483868,1.1870967741935483,1.2516129032258063,2.4806451612903224,73.6774193548387
31,丽水市,3311.0,2017,12,8.6,9.551612903225807,1.0806451612903225,0.8870967741935485,3.1870967741935483,72.09677419354837
32,丽江市,5307.0,2017,1,7.241935483870968,8.735483870967743,0.0032258064516129032,2.712903225806452,8.822580645161292,40.903225806451616
33,丽江市,5307.0,2017,12,8.780645161290321,9.022580645161286,0.0,2.819354838709677,8.399999999999999,50.451612903225815
34,乌兰察布市,1509.0,2017,1,-10.941935483870964,-9.616129032258065,0.06451612903225806,2.0838709677419347,6.4645161290322575,49.87096774193547
35,乌兰察布市,1509.0,2017,12,-9.045161290322582,-9.36451612903226,0.0,2.9483870967741925,6.35483870967742,41.25806451612903
36,乌海市,1503.0,2017,1,-5.216129032258063,-2.7161290322580647,0.0,1.8129032258064517,7.7838709677419375,42.19354838709677
37,乌海市,1503.0,2017,12,-4.690322580645162,-3.3290322580645166,0.0032258064516129032,1.9,7.541935483870968,45.225806451612904
38,乌鲁木齐市,6501.0,2017,1,-18.658064516129038,-4.919354838709675,0.04838709677419355,1.3870967741935492,1.9903225806451612,80.5806451612903
39,乌鲁木齐市,6501.0,2017,12,-8.680645161290322,-8.625806451612902,0.1774193548387097,1.3516129032258064,2.670967741935484,81.96774193548387
40,乐山市,5111.0,2017,1,9.758064516129034,11.041935483870967,0.21935483870967745,1.0193548387096776,1.4258064516129034,73.74193548387096
41,乐山市,5111.0,2017,12,9.790322580645164,10.858064516129033,0.232258064516129,0.9483870967741936,2.3580645161290317,71.64516129032258
42,九江市,3604.0,2017,1,3.5483870967741917,5.02258064516129,1.9741935483870965,3.1483870967741936,3.8645161290322583,72.25806451612904
43,九江市,3604.0,2017,12,2.7870967741935484,3.961290322580645,1.1161290322580646,2.9096774193548383,4.780645161290322,62.451612903225815
44,云浮市,4453.0,2017,1,16.08709677419355,18.0,0.4258064516129033,1.4645161290322586,3.2548387096774194,84.64516129032258
45,云浮市,4453.0,2017,12,15.745161290322585,16.167741935483868,0.0032258064516129032,2.254838709677419,5.322580645161289,65.3225806451613
46,亳州市,3416.0,2017,1,2.945161290322581,3.6354838709677417,1.4096774193548387,2.619354838709677,3.987096774193548,70.70967741935483
47,亳州市,3416.0,2017,12,4.30967741935484,4.145161290322581,0.0064516129032258064,2.293548387096774,5.193548387096773,58.67741935483871
48,伊春市,2307.0,2017,1,-19.283870967741933,-9.454838709677416,0.17419354838709675,1.890322580645161,5.412903225806451,67.6774193548387
49,伊春市,2307.0,2017,12,-21.23225806451613,-6.758064516129035,0.23548387096774195,2.106451612903226,3.729032258064516,67.25806451612904
50,伊犁哈萨克自治州,6540.0,2017,1,-6.62258064516129,-0.6870967741935483,0.4451612903225806,0.8612903225806449,5.290322580645161,73.70967741935483
51,伊犁哈萨克自治州,6540.0,2017,12,-3.387096774193548,-1.4483870967741936,0.7709677419354839,1.1548387096774193,2.896774193548387,82.16129032258064
52,佛山市,4406.0,2017,1,15.43548387096774,18.65806451612903,0.43225806451612897,2.438709677419354,3.941935483870968,80.87096774193549
53,佛山市,4406.0,2017,12,14.41290322580645,17.522580645161288,0.045161290322580636,2.919354838709677,5.687096774193548,65.6774193548387
54,佳木斯市,2308.0,2017,1,-16.2516129032258,-5.345161290322581,0.20322580645161287,2.0548387096774188,6.064516129032258,64.16129032258064
55,佳木斯市,2308.0,2017,12,-17.41290322580645,-10.064516129032256,0.32258064516129026,2.3354838709677415,5.238709677419354,67.70967741935483
56,保定市,1306.0,2017,1,-2.7225806451612904,-2.1193548387096786,0.061290322580645165,1.5032258064516126,3.4096774193548383,63.064516129032256
57,保定市,1306.0,2017,12,-1.2580645161290325,-1.9,0.0,1.7774193548387098,4.887096774193546,51.0
58,保山市,5305.0,2017,1,11.032258064516132,12.458064516129033,1.0225806451612904,1.225806451612903,8.851612903225806,61.58064516129032
59,保山市,5305.0,2017,12,12.151612903225805,14.290322580645164,0.0,1.1709677419354838,7.996774193548387,62.451612903225815
60,信阳市,4115.0,2017,1,4.861290322580646,5.383870967741936,1.9645161290322577,1.848387096774193,3.538709677419356,69.96774193548387
61,信阳市,4115.0,2017,12,6.061290322580644,6.396774193548388,0.17419354838709675,1.5516129032258066,4.27741935483871,57.74193548387096
62,克孜勒苏柯尔克孜自治州,6530.0,2017,1,-5.496774193548387,-5.129032258064514,0.4161290322580645,0.9258064516129032,3.674193548387096,69.58064516129032
63,克孜勒苏柯尔克孜自治州,6530.0,2017,12,-1.7645161290322582,-2.2806451612903222,0.12903225806451613,0.9580645161290322,3.4709677419354836,56.838709677419345
64,克拉玛依市,6502.0,2017,1,-15.867741935483876,-5.396774193548388,0.05483870967741936,1.0419354838709678,2.9258064516129036,80.38709677419354
65,克拉玛依市,6502.0,2017,12,-7.958064516129036,-6.732258064516129,0.1193548387096774,1.4225806451612906,2.9516129032258065,75.4193548387097
66,六安市,3415.0,2017,1,5.158064516129032,6.325806451612903,2.316129032258064,1.941935483870968,3.2645161290322577,74.96774193548387
67,六安市,3415.0,2017,12,6.151612903225807,6.777419354838711,0.3709677419354839,1.7,4.764516129032258,62.70967741935484
68,六盘水市,5202.0,2017,1,6.277419354838711,8.374193548387098,0.3225806451612903,1.2741935483870968,2.493548387096774,85.74193548387096
69,六盘水市,5202.0,2017,12,4.493548387096773,5.83225806451613,0.7612903225806453,1.1548387096774193,2.1741935483870964,82.90322580645163
70,兰州市,6201.0,2017,1,-6.806451612903224,-5.825806451612903,0.0,1.6612903225806457,6.570967741935482,41.74193548387097
71,兰州市,6201.0,2017,12,-7.306451612903228,-6.261290322580645,0.0,1.4516129032258065,6.609677419354839,53.032258064516135
72,兴安盟,1522.0,2017,1,-12.293548387096775,-9.274193548387096,0.0,2.67741935483871,6.645161290322582,47.74193548387096
73,兴安盟,1522.0,2017,12,-13.312903225806453,-15.5,0.07741935483870968,1.9774193548387091,5.6806451612903235,48.838709677419345
74,内江市,5110.0,2017,1,8.741935483870968,10.151612903225807,0.21935483870967745,1.2516129032258063,1.6935483870967742,83.38709677419354
75,内江市,5110.0,2017,12,8.241935483870968,9.396774193548387,0.16451612903225807,1.196774193548387,1.9935483870967745,83.29032258064517
76,凉山彝族自治州,5134.0,2017,1,5.461290322580645,9.174193548387096,0.0,2.490322580645161,6.096774193548387,73.61290322580646
77,凉山彝族自治州,5134.0,2017,12,4.27741935483871,6.2483870967741915,0.0838709677419355,1.780645161290323,3.367741935483872,77.35483870967742
78,包头市,1502.0,2017,1,-9.087096774193547,-8.429032258064515,0.012903225806451613,2.6806451612903226,7.577419354838708,55.451612903225815
79,包头市,1502.0,2017,12,-7.774193548387097,-8.883870967741935,0.0,2.648387096774193,7.467741935483872,54.774193548387096
80,北京市,1100.0,2017,1,-3.77741935483871,-3.406451612903226,0.03870967741935484,1.4290322580645158,5.361290322580644,51.645161290322584
81,北京市,1100.0,2017,12,-3.880645161290322,-4.338709677419355,0.0,1.4677419354838708,6.451612903225804,47.516129032258064
82,北海市,4505.0,2017,1,17.274193548387096,20.006451612903227,0.8741935483870968,2.1903225806451614,3.6322580645161286,87.03225806451613
83,北海市,4505.0,2017,12,16.429032258064517,18.496774193548386,0.6161290322580646,2.22258064516129,3.419354838709677,68.7741935483871
84,十堰市,4203.0,2017,1,5.245161290322581,5.387096774193549,0.7258064516129032,1.651612903225807,3.458064516129032,67.35483870967742
85,十堰市,4203.0,2017,12,6.08709677419355,5.974193548387097,0.0064516129032258064,1.4935483870967743,4.983870967741935,58.12903225806453
86,南京市,3201.0,2017,1,5.403225806451613,5.806451612903227,1.7258064516129037,1.690322580645161,3.870967741935484,75.35483870967742
87,南京市,3201.0,2017,12,5.887096774193551,5.712903225806451,0.3774193548387096,1.5451612903225809,4.935483870967741,63.67741935483871
88,南充市,5113.0,2017,1,8.170967741935481,7.9870967741935495,0.5225806451612903,1.632258064516129,1.858064516129032,79.51612903225806
89,南充市,5113.0,2017,12,7.783870967741933,8.303225806451612,0.016129032258064516,1.5516129032258066,2.4322580645161294,80.19354838709677
90,南宁市,4501.0,2017,1,15.580645161290324,17.000000000000004,2.338709677419355,2.7032258064516137,3.2,77.09677419354837
91,南宁市,4501.0,2017,12,14.109677419354837,15.32903225806451,1.7096774193548387,2.638709677419355,4.309677419354839,66.64516129032258
92,南平市,3507.0,2017,1,13.222580645161285,15.0,1.5387096774193547,1.4225806451612906,3.2258064516129026,78.35483870967742
93,南平市,3507.0,2017,12,11.332258064516127,12.306451612903226,0.4806451612903225,1.3774193548387097,4.458064516129033,70.51612903225806
94,南昌市,3601.0,2017,1,8.883870967741935,9.203225806451613,0.8483870967741937,1.6258064516129032,3.322580645161291,70.5806451612903
95,南昌市,3601.0,2017,12,8.670967741935486,8.796774193548385,1.0193548387096774,1.4,4.887096774193548,63.161290322580655
96,南通市,3206.0,2017,1,5.20967741935484,5.5354838709677425,1.7,2.5354838709677416,3.812903225806452,80.83870967741936
97,南通市,3206.0,2017,12,5.490322580645163,5.7483870967741915,0.2419354838709677,2.164516129032258,5.261290322580643,72.03225806451613
98,南阳市,4113.0,2017,1,3.7064516129032254,4.725806451612904,0.6483870967741936,2.3967741935483864,3.941935483870968,70.74193548387096
99,南阳市,4113.0,2017,12,4.806451612903227,4.658064516129033,0.0064516129032258064,2.4741935483870967,5.845161290322581,44.0
100,博尔塔拉蒙古自治州,6527.0,2017,1,-16.016129032258064,-6.8483870967741955,0.061290322580645165,3.048387096774195,2.5258064516129037,84.0
101,博尔塔拉蒙古自治州,6527.0,2017,12,-7.016129032258062,-3.3322580645161275,0.4677419354838709,3.6774193548387104,1.6258064516129032,85.54838709677419
102,厦门市,3502.0,2017,1,15.103225806451617,17.445161290322574,0.1903225806451613,2.6225806451612903,4.216129032258064,76.48387096774194
103,厦门市,3502.0,2017,12,15.380645161290325,18.187096774193545,0.01935483870967742,3.2774193548387096,6.341935483870968,60.483870967741936
104,双鸭山市,2305.0,2017,1,-16.97096774193549,-8.170967741935486,0.2,4.0032258064516135,6.687096774193548,69.48387096774194
105,双鸭山市,2305.0,2017,12,-18.71290322580645,-14.14838709677419,0.10967741935483873,3.845161290322581,5.164516129032258,68.3225806451613
106,台州市,3310.0,2017,1,9.961290322580645,10.680645161290322,0.9064516129032258,1.7870967741935488,3.032258064516129,75.38709677419354
107,台州市,3310.0,2017,12,9.396774193548387,9.3,0.6806451612903226,1.9516129032258065,3.8129032258064512,65.09677419354838
108,合肥市,3401.0,2017,1,5.425806451612903,6.1032258064516105,1.964516129032258,1.9387096774193544,3.4096774193548387,74.19354838709677
109,合肥市,3401.0,2017,12,5.445161290322582,5.9870967741935495,0.4387096774193549,1.57741935483871,4.1806451612903235,66.70967741935483
110,吉安市,3608.0,2017,1,9.35483870967742,11.280645161290321,1.651612903225807,1.7064516129032254,2.6548387096774198,79.4193548387097
111,吉安市,3608.0,2017,12,7.9290322580645185,9.5,1.2129032258064516,1.4322580645161285,4.054838709677419,76.70967741935483
112,吉林市,2202.0,2017,1,-14.158064516129036,-3.8774193548387097,0.5258064516129033,1.6161290322580648,4.199999999999998,67.58064516129032
113,吉林市,2202.0,2017,12,-13.151612903225805,-9.570967741935485,0.20967741935483875,1.6774193548387095,3.119354838709678,65.29032258064517
114,吐鲁番地区,6521.0,2017,1,-3.954838709677418,-4.741935483870968,0.0,1.3096774193548388,4.5677419354838715,56.58064516129032
115,吐鲁番地区,6521.0,2017,12,-3.403225806451612,-5.193548387096773,0.00967741935483871,1.3483870967741935,4.441935483870967,52.838709677419345
116,吕梁市,1411.0,2017,1,-2.812903225806452,-2.387096774193548,0.0774193548387097,1.9741935483870967,5.596774193548387,50.29032258064516
117,吕梁市,1411.0,2017,12,-3.983870967741936,-4.332258064516129,0.08387096774193549,1.7774193548387094,5.867741935483871,51.225806451612904
118,吴忠市,6403.0,2017,1,-4.641935483870967,-6.348387096774192,0.0,1.4612903225806448,5.800000000000002,45.0
119,吴忠市,6403.0,2017,12,-4.532258064516128,-6.84516129032258,0.012903225806451613,1.303225806451613,6.383870967741935,49.225806451612904
120,周口市,4116.0,2017,1,3.009677419354839,3.483870967741935,0.8935483870967742,1.5354838709677419,3.3032258064516125,68.7741935483871
121,周口市,4116.0,2017,12,4.564516129032258,2.5806451612903225,0.04193548387096775,1.7322580645161294,5.677419354838709,50.064516129032256
122,呼伦贝尔市,1507.0,2017,1,-25.03870967741935,-14.006451612903225,0.0,3.9903225806451608,6.12258064516129,68.74193548387096
123,呼伦贝尔市,1507.0,2017,12,-25.40967741935484,-16.425806451612903,0.0838709677419355,3.293548387096775,5.419354838709676,71.16129032258064
124,呼和浩特市,1501.0,2017,1,-9.083870967741934,-7.948387096774192,0.04193548387096775,3.548387096774193,6.232258064516128,51.838709677419345
125,呼和浩特市,1501.0,2017,12,-8.209677419354836,-7.532258064516131,0.0,3.1935483870967745,6.006451612903224,43.096774193548384
126,和田地区,6532.0,2017,1,-3.545161290322581,-3.5548387096774183,0.08064516129032258,1.2903225806451613,4.567741935483872,64.09677419354838
127,和田地区,6532.0,2017,12,-0.9741935483870968,-2.770967741935485,0.06451612903225806,1.4548387096774194,5.325806451612904,52.032258064516135
128,咸宁市,4212.0,2017,1,7.47741935483871,7.8774193548387075,1.809677419354839,2.235483870967742,3.4096774193548387,69.58064516129032
129,咸宁市,4212.0,2017,12,7.5838709677419365,7.483870967741933,0.3774193548387097,2.077419354838709,4.316129032258064,61.32258064516129
130,咸阳市,6104.0,2017,1,2.6903225806451614,1.9032258064516128,0.11612903225806452,2.1161290322580646,3.448387096774194,55.548387096774185
131,咸阳市,6104.0,2017,12,3.0258064516129037,2.1935483870967745,0.0,1.7225806451612902,5.122580645161291,45.25806451612904
132,哈密地区,6522.0,2017,1,-8.793548387096775,-8.583870967741936,0.0064516129032258064,1.1483870967741934,5.4161290322580635,69.29032258064517
133,哈密地区,6522.0,2017,12,-7.0774193548387085,-8.587096774193549,0.0,1.1032258064516127,6.1967741935483875,55.612903225806456
134,哈尔滨市,2301.0,2017,1,-16.5741935483871,-8.358064516129032,0.14193548387096774,2.570967741935483,4.2612903225806456,71.5806451612903
135,哈尔滨市,2301.0,2017,12,-17.096774193548384,-12.119354838709675,0.17096774193548386,2.341935483870968,4.161290322580643,66.64516129032258
136,唐山市,1302.0,2017,1,-4.329032258064517,-3.3290322580645157,0.4677419354838709,1.8096774193548388,4.387096774193549,70.80645161290323
137,唐山市,1302.0,2017,12,-2.964516129032259,-3.890322580645162,0.0,2.180645161290323,6.596774193548387,49.387096774193544
138,商丘市,4114.0,2017,1,1.4838709677419355,2.5387096774193543,1.035483870967742,1.9806451612903229,3.438709677419355,73.48387096774194
139,商丘市,4114.0,2017,12,2.148387096774193,2.7161290322580647,0.022580645161290318,2.0516129032258057,4.606451612903225,62.193548387096776
140,商洛市,6110.0,2017,1,-3.8870967741935485,,0.12258064516129033,4.832258064516129,4.990322580645162,60.354838709677416
141,商洛市,6110.0,2017,12,-3.1903225806451605,,0.009677419354838712,5.596774193548387,7.329032258064518,42.451612903225815
142,喀什地区,6531.0,2017,1,-5.496774193548387,-5.129032258064514,0.4161290322580645,0.9258064516129032,3.674193548387096,69.58064516129032
143,喀什地区,6531.0,2017,12,-1.7645161290322582,-2.2806451612903222,0.12903225806451613,0.9580645161290322,3.4709677419354836,56.838709677419345
144,嘉兴市,3304.0,2017,1,6.7483870967741915,7.393548387096772,3.016129032258064,2.7677419354838713,3.254838709677419,81.2258064516129
145,嘉兴市,3304.0,2017,12,6.645161290322582,7.04516129032258,0.8580645161290322,2.3870967741935485,3.5193548387096767,73.5806451612903
146,嘉峪关市,6202.0,2017,1,-7.300000000000002,-8.058064516129031,0.0,2.9741935483870963,7.2032258064516155,49.25806451612904
147,嘉峪关市,6202.0,2017,12,-5.625806451612903,-7.45483870967742,0.0,2.7935483870967746,6.799999999999999,48.387096774193544
148,四平市,2203.0,2017,1,-12.616129032258065,-6.329032258064517,0.267741935483871,2.661290322580645,6.103225806451612,68.70967741935483
149,四平市,2203.0,2017,12,-12.2,-11.358064516129033,0.061290322580645165,2.587096774193548,5.506451612903223,61.967741935483865
150,固原市,6404.0,2017,1,-4.225806451612904,-3.05483870967742,0.045161290322580636,2.129032258064516,6.287096774193548,38.61290322580645
151,固原市,6404.0,2017,12,-4.22258064516129,-3.9032258064516117,0.0064516129032258064,1.7709677419354841,6.822580645161289,44.32258064516129
152,塔城地区,6542.0,2017,1,-9.019354838709676,-0.5419354838709677,0.4741935483870967,1.2451612903225806,5.27741935483871,70.83870967741936
153,塔城地区,6542.0,2017,12,-4.680645161290324,-5.029032258064516,0.7548387096774193,1.4516129032258067,3.929032258064516,67.70967741935483
154,大兴安岭地区,2327.0,2017,1,-23.067741935483877,-22.50322580645161,0.022580645161290318,2.4193548387096784,4.758064516129031,64.2258064516129
155,大兴安岭地区,2327.0,2017,12,-25.019354838709678,-19.858064516129037,0.0967741935483871,1.9806451612903224,5.038709677419355,64.74193548387096
156,大同市,1402.0,2017,1,-9.209677419354838,-8.55483870967742,0.03225806451612903,2.1,7.341935483870968,52.0
157,大同市,1402.0,2017,12,-8.370967741935484,-8.051612903225807,0.0,2.319354838709677,6.938709677419354,46.032258064516135
158,大庆市,2306.0,2017,1,-16.580645161290327,-7.429032258064517,0.03870967741935485,2.0645161290322576,4.793548387096775,69.19354838709678
159,大庆市,2306.0,2017,12,-17.32903225806452,-14.893548387096775,0.09677419354838712,1.9129032258064516,4.816129032258064,65.83870967741936
160,大理白族自治州,5329.0,2017,1,9.912903225806453,10.380645161290325,0.25161290322580643,2.577419354838709,8.012903225806452,55.25806451612904
161,大理白族自治州,5329.0,2017,12,9.548387096774192,11.87741935483871,0.0064516129032258064,1.7290322580645154,7.903225806451613,67.80645161290322
162,大连市,2102.0,2017,1,-1.9935483870967745,-1.835483870967742,0.31935483870967746,3.0225806451612898,5.941935483870967,57.387096774193544
163,大连市,2102.0,2017,12,-0.5677419354838708,-1.216129032258065,0.035483870967741936,2.9096774193548387,5.661290322580644,48.645161290322584
164,天水市,6205.0,2017,1,0.5709677419354838,1.435483870967742,0.06774193548387097,1.8516129032258064,3.6967741935483867,60.838709677419345
165,天水市,6205.0,2017,12,-0.8096774193548387,-0.2322580645161291,0.0,1.4516129032258067,5.2548387096774185,61.967741935483865
166,天津市,1200.0,2017,1,-1.6516129032258062,-1.196774193548387,0.04193548387096775,2.648387096774193,4.474193548387096,58.29032258064516
167,天津市,1200.0,2017,12,-0.5193548387096775,-1.8774193548387093,0.0,2.609677419354839,6.083870967741934,44.967741935483865
168,太原市,1401.0,2017,1,-2.5032258064516135,-1.929032258064516,0.06451612903225806,1.6483870967741934,6.003225806451613,54.516129032258064
169,太原市,1401.0,2017,12,-3.0516129032258066,-2.532258064516129,0.04838709677419355,1.7838709677419355,6.112903225806452,47.32258064516129
170,威海市,3710.0,2017,1,0.5806451612903226,1.148387096774193,0.6903225806451613,3.5870967741935487,4.403225806451613,61.32258064516129
171,威海市,3710.0,2017,12,2.0387096774193547,1.180645161290323,0.4741935483870968,3.5612903225806454,3.9677419354838723,54.548387096774185
172,娄底市,4313.0,2017,1,8.241935483870968,8.996774193548386,1.335483870967742,1.1967741935483869,1.470967741935484,77.6774193548387
173,娄底市,4313.0,2017,12,7.970967741935484,8.635483870967741,1.3096774193548388,0.9645161290322584,3.5258064516129037,72.29032258064517
174,孝感市,4209.0,2017,1,5.280645161290322,5.958064516129032,1.9774193548387096,3.929032258064516,3.8516129032258055,70.03333333333333
175,孝感市,4209.0,2017,12,5.348387096774194,6.396774193548388,0.04838709677419355,2.9709677419354827,4.780645161290322,60.32258064516129
176,宁德市,3509.0,2017,1,12.912903225806456,13.699999999999998,2.1548387096774198,1.0967741935483872,2.064516129032258,77.45161290322581
177,宁德市,3509.0,2017,12,12.335483870967744,12.529032258064516,0.8419354838709675,1.035483870967742,3.7677419354838713,69.93548387096774
178,宁波市,3302.0,2017,1,7.445161290322582,7.780645161290322,2.6064516129032262,1.5677419354838715,3.2129032258064525,78.2258064516129
179,宁波市,3302.0,2017,12,7.4645161290322575,7.4,1.3322580645161293,1.470967741935484,4.303225806451613,75.96774193548387
180,安庆市,3408.0,2017,1,6.0935483870967735,6.970967741935484,2.5225806451612898,2.54516129032258,4.135483870967741,80.3225806451613
181,安庆市,3408.0,2017,12,6.280645161290322,6.858064516129033,0.6419354838709678,1.951612903225807,4.9322580645161285,75.48387096774194
182,安康市,6109.0,2017,1,5.525806451612903,6.087096774193548,0.6096774193548387,0.8870967741935484,1.7483870967741937,73.64516129032258
183,安康市,6109.0,2017,12,5.27741935483871,5.580645161290324,0.0032258064516129032,0.9032258064516132,4.0032258064516135,70.83870967741936
184,安阳市,4105.0,2017,1,-5.483870967741934,-4.648387096774194,0.3838709677419355,3.0387096774193547,6.087096774193549,56.806451612903224
185,安阳市,4105.0,2017,12,-6.1903225806451605,-5.029032258064516,0.04193548387096775,2.638709677419355,5.451612903225807,56.70967741935484
186,安顺市,5204.0,2017,1,6.812903225806451,8.496774193548386,0.8225806451612903,2.4225806451612906,0.7129032258064517,89.51612903225808
187,安顺市,5204.0,2017,12,6.096774193548387,7.648387096774192,0.5870967741935484,2.1096774193548384,2.2,77.80645161290323
188,定西市,6211.0,2017,1,-5.103225806451611,-3.587096774193548,0.03870967741935484,1.6193548387096774,6.6096774193548375,46.967741935483865
189,定西市,6211.0,2017,12,-5.603225806451611,-4.738709677419357,0.00967741935483871,1.564516129032258,6.951612903225803,55.0
190,宜宾市,5115.0,2017,1,10.09032258064516,11.4,0.2838709677419355,0.9870967741935482,1.6483870967741936,83.2258064516129
191,宜昌市,4205.0,2017,1,6.380645161290324,7.1193548387096754,0.4,1.6677419354838707,1.3258064516129031,73.3225806451613
192,宜昌市,4205.0,2017,12,7.612903225806452,8.964516129032258,0.01935483870967742,1.8870967741935485,2.983870967741936,62.548387096774185
193,宜春市,3609.0,2017,1,9.183870967741935,10.280645161290323,1.1774193548387095,1.6677419354838707,2.835483870967741,75.48387096774194
194,宜春市,3609.0,2017,12,8.125806451612902,8.40967741935484,1.396774193548387,1.558064516129032,3.2870967741935484,71.93548387096773
195,宝鸡市,6103.0,2017,1,0.6935483870967742,1.6225806451612903,0.19354838709677416,2.0516129032258066,4.538709677419353,57.67741935483871
196,宝鸡市,6103.0,2017,12,0.9225806451612903,1.1483870967741936,0.0,2.080645161290323,6.080645161290324,49.774193548387096
197,宣城市,3418.0,2017,1,5.525806451612903,6.651612903225809,2.3161290322580643,2.925806451612904,3.9516129032258065,79.70967741935483
198,宣城市,3418.0,2017,12,5.451612903225804,6.016129032258066,0.8419354838709678,2.509677419354839,4.064516129032258,71.03225806451613
199,宿州市,3413.0,2017,1,3.3516129032258077,4.045161290322581,1.6741935483870969,1.6741935483870969,4.764516129032256,73.45161290322581
200,宿州市,3413.0,2017,12,4.022580645161291,3.764516129032257,0.0064516129032258064,1.65483870967742,6.006451612903224,63.935483870967744
201,宿迁市,3213.0,2017,1,3.1580645161290324,4.106451612903226,1.6064516129032258,1.9258064516129032,4.900000000000001,72.06451612903227
202,宿迁市,3213.0,2017,12,3.5064516129032253,4.312903225806451,0.01935483870967742,1.7129032258064514,5.570967741935483,62.0
203,山南地区,5422.0,2017,1,-0.17096774193548386,2.9225806451612906,0.035483870967741936,2.7354838709677427,7.748387096774193,26.806451612903228
204,山南地区,5422.0,2017,12,1.809677419354839,3.2193548387096778,0.0,1.9903225806451617,8.177419354838706,28.032258064516128
205,岳阳市,4306.0,2017,1,7.72258064516129,7.7064516129032254,1.8774193548387093,2.2967741935483867,1.5,79.35483870967742
206,岳阳市,4306.0,2017,12,8.470967741935485,8.545161290322582,0.5290322580645161,2.061290322580645,4.290322580645161,68.80645161290322
207,崇左市,4514.0,2017,1,15.580645161290324,17.000000000000004,2.338709677419355,2.7032258064516137,3.2,77.09677419354837
208,崇左市,4514.0,2017,12,14.109677419354837,15.32903225806451,1.7096774193548387,2.638709677419355,4.309677419354839,66.64516129032258
209,巴中市,5119.0,2017,1,8.061290322580644,8.66451612903226,0.2774193548387097,1.1580645161290322,2.4096774193548383,76.4193548387097
210,巴中市,5119.0,2017,12,7.564516129032255,8.467741935483874,0.10967741935483873,1.0612903225806454,3.606451612903226,79.38709677419354
211,巴彦淖尔市,1508.0,2017,1,-7.8,-8.735483870967743,0.0,2.2483870967741937,8.103225806451613,46.67741935483871
212,巴彦淖尔市,1508.0,2017,12,-7.087096774193548,-8.719354838709675,0.0,2.174193548387097,7.419354838709677,46.25806451612904
213,巴音郭楞蒙古自治州,6528.0,2017,1,-7.419354838709676,-5.332258064516128,0.0032258064516129032,1.0677419354838709,5.0032258064516135,75.45161290322581
214,巴音郭楞蒙古自治州,6528.0,2017,12,-5.616129032258066,-6.709677419354839,0.022580645161290318,1.3322580645161293,4.541935483870967,73.3225806451613
215,常州市,3204.0,2017,1,5.516129032258066,6.0451612903225795,1.9903225806451608,2.083870967741936,4.4064516129032265,76.96774193548387
216,常州市,3204.0,2017,12,5.929032258064517,6.316129032258066,0.33225806451612905,1.816129032258065,5.3903225806451625,66.87096774193549
217,常德市,4307.0,2017,1,7.167741935483869,7.56774193548387,1.2645161290322582,2.258064516129032,1.5741935483870966,72.90322580645163
218,常德市,4307.0,2017,12,8.232258064516131,8.583870967741936,0.23870967741935484,2.4483870967741943,4.425806451612903,62.225806451612904
219,平凉市,6208.0,2017,1,-2.112903225806452,-1.8354838709677423,0.019354838709677424,2.4032258064516134,5.635483870967742,43.903225806451616
220,平凉市,6208.0,2017,12,-2.0612903225806445,-1.890322580645161,0.0,2.2032258064516124,7.0935483870967735,43.12903225806453
221,平顶山市,4104.0,2017,1,2.619354838709677,3.75483870967742,0.7032258064516129,2.0451612903225804,2.7258064516129035,68.6774193548387
222,平顶山市,4104.0,2017,12,4.4709677419354845,4.677419354838709,0.0935483870967742,2.438709677419354,5.48709677419355,43.806451612903224
223,广元市,5108.0,2017,1,2.6806451612903226,4.077419354838711,0.7290322580645162,1.0903225806451613,1.2419354838709675,82.2258064516129
224,广元市,5108.0,2017,12,2.7612903225806447,4.183870967741936,0.0,1.1129032258064513,4.825806451612904,68.35483870967742
225,广安市,5116.0,2017,1,8.458064516129033,8.419354838709678,0.4967741935483871,1.7677419354838713,2.3419354838709685,76.51612903225806
226,广安市,5116.0,2017,12,7.829032258064518,8.480645161290322,0.08064516129032258,1.5838709677419356,2.0580645161290323,83.09677419354837
227,广州市,4401.0,2017,1,15.43548387096774,18.65806451612903,0.43225806451612897,2.438709677419354,3.941935483870968,80.87096774193549
228,广州市,4401.0,2017,12,14.41290322580645,17.522580645161288,0.045161290322580636,2.919354838709677,5.687096774193548,65.6774193548387
229,庆阳市,6210.0,2017,1,-1.4387096774193548,-1.2870967741935484,0.18387096774193548,2.041935483870968,6.15483870967742,44.29032258064516
230,庆阳市,6210.0,2017,12,-1.2548387096774196,-1.9451612903225808,0.0032258064516129032,1.9516129032258065,7.380645161290323,41.096774193548384
231,廊坊市,1310.0,2017,1,-1.6677419354838716,-2.6967741935483867,0.0064516129032258064,2.0032258064516126,5.6483870967741945,50.12903225806453
232,廊坊市,1310.0,2017,12,-0.2483870967741936,-2.238709677419355,0.0,2.0096774193548392,6.72258064516129,37.2258064516129
233,延安市,6106.0,2017,1,-3.032258064516129,-2.390322580645161,0.061290322580645165,1.7548387096774194,7.022580645161289,50.612903225806456
234,延安市,6106.0,2017,12,-3.1354838709677417,-2.9354838709677424,0.03870967741935484,1.7387096774193551,7.370967741935483,46.161290322580655
235,延边朝鲜族自治州,2224.0,2017,1,-14.193548387096774,-4.196774193548388,0.045161290322580636,1.7838709677419355,5.4,62.25806451612904
236,延边朝鲜族自治州,2224.0,2017,12,-13.654838709677415,-11.80967741935484,0.05161290322580645,2.0741935483870964,5.0774193548387085,58.161290322580655
237,开封市,4102.0,2017,1,2.4967741935483865,3.1806451612903213,0.3612903225806451,1.9290322580645165,3.535483870967741,61.548387096774185
238,开封市,4102.0,2017,12,4.077419354838709,3.493548387096775,0.03870967741935484,2.0258064516129037,5.193548387096775,45.193548387096776
239,张家口市,1307.0,2017,1,-12.516129032258064,-8.480645161290324,0.22258064516129036,2.570967741935483,7.16774193548387,63.354838709677416
240,张家口市,1307.0,2017,12,-10.85483870967742,-11.235483870967743,0.016129032258064516,3.3193548387096774,6.651612903225807,52.774193548387096
241,张家界市,4308.0,2017,1,7.090322580645161,7.4612903225806475,0.9193548387096772,1.1129032258064515,1.2935483870967743,77.48387096774194
242,张家界市,4308.0,2017,12,7.732258064516129,8.616129032258064,0.16129032258064516,0.9741935483870968,2.938709677419354,72.12903225806451
243,张掖市,6207.0,2017,1,-7.929032258064517,-6.435483870967745,0.04516129032258065,2.45483870967742,7.56451612903226,45.74193548387096
244,张掖市,6207.0,2017,12,-6.8741935483870975,-6.319354838709677,0.0,2.467741935483871,7.261290322580646,49.29032258064516
245,徐州市,3203.0,2017,1,2.8483870967741938,3.2322580645161296,1.474193548387097,1.7064516129032257,5.3419354838709685,70.6774193548387
246,徐州市,3203.0,2017,12,3.338709677419355,3.1967741935483867,0.022580645161290318,1.4774193548387098,6.451612903225807,58.225806451612904
247,德宏傣族景颇族自治州,5331.0,2017,1,9.47741935483871,10.883870967741935,0.8354838709677419,1.9903225806451608,9.674193548387096,70.93548387096773
248,德宏傣族景颇族自治州,5331.0,2017,12,10.416129032258064,12.9741935483871,0.035483870967741936,1.6290322580645162,8.964516129032258,77.74193548387096
249,德州市,3714.0,2017,1,-1.3064516129032258,-0.3032258064516128,0.0,1.9161290322580649,3.7967741935483863,71.2258064516129
250,德州市,3714.0,2017,12,-0.3903225806451613,-0.19032258064516133,0.00967741935483871,2.2225806451612904,5.477419354838709,56.354838709677416
251,德阳市,5106.0,2017,1,8.296774193548387,8.416129032258064,0.1258064516129032,1.458064516129032,1.6548387096774195,69.90322580645162
252,德阳市,5106.0,2017,12,7.9290322580645185,8.516129032258064,0.03870967741935484,1.3903225806451611,3.9806451612903215,66.90322580645162
253,忻州市,1409.0,2017,1,-3.796774193548388,-3.106451612903226,0.0,1.95483870967742,5.193548387096773,36.451612903225815
254,忻州市,1409.0,2017,12,-3.7774193548387096,-3.45483870967742,0.0,2.2709677419354835,6.0612903225806445,34.19354838709677
255,怀化市,4312.0,2017,1,7.693548387096776,8.470967741935487,0.9225806451612903,1.1225806451612903,0.967741935483871,79.0
256,怀化市,4312.0,2017,12,7.99032258064516,8.935483870967742,0.5903225806451613,0.8225806451612903,3.0645161290322585,75.2258064516129
257,怒江傈僳族自治州,5333.0,2017,1,14.33548387096774,17.583870967741934,0.08064516129032258,0.7451612903225807,7.574193548387099,54.41935483870968
258,怒江傈僳族自治州,5333.0,2017,12,15.041935483870967,18.41290322580645,0.0,0.8516129032258065,7.487096774193548,65.93548387096774
259,恩施土家族苗族自治州,4228.0,2017,1,6.096774193548387,6.6225806451612925,0.6870967741935483,1.1451612903225812,0.7935483870967741,83.6774193548387
260,恩施土家族苗族自治州,4228.0,2017,12,6.612903225806452,7.164516129032259,0.04193548387096775,0.9032258064516132,2.7999999999999994,77.2258064516129
261,惠州市,4413.0,2017,1,16.651612903225807,18.016129032258068,0.31935483870967746,2.2161290322580647,4.5935483870967735,74.90322580645163
262,惠州市,4413.0,2017,12,15.574193548387097,16.929032258064517,0.04516129032258065,2.496774193548388,5.845161290322581,58.774193548387096
263,成都市,5101.0,2017,1,7.267741935483872,8.641935483870968,0.13870967741935486,1.1903225806451612,1.6677419354838707,81.38709677419354
264,成都市,5101.0,2017,12,6.47741935483871,8.122580645161289,0.04516129032258065,1.1161290322580644,3.758064516129032,79.80645161290323
265,扬州市,3210.0,2017,1,4.767741935483873,5.977419354838709,1.535483870967742,1.8161290322580643,4.596774193548387,74.6774193548387
266,扬州市,3210.0,2017,12,5.351612903225806,5.961290322580647,0.3096774193548388,1.6451612903225807,5.596774193548387,64.0
267,承德市,1308.0,2017,1,-7.135483870967742,-7.848387096774192,0.08064516129032258,1.6064516129032258,5.419354838709676,54.032258064516135
268,承德市,1308.0,2017,12,-6.883870967741933,-8.603225806451615,0.0,1.6709677419354838,6.33225806451613,43.903225806451616
269,抚州市,3610.0,2017,1,9.496774193548386,10.654838709677419,1.403225806451613,2.4838709677419355,2.8129032258064512,78.83870967741936
270,抚州市,3610.0,2017,12,8.461290322580643,9.44516129032258,0.8967741935483873,2.3451612903225807,4.7709677419354835,73.54838709677419
271,抚顺市,2104.0,2017,1,-11.661290322580646,-5.599999999999998,0.2935483870967742,1.9064516129032256,5.425806451612903,68.90322580645162
272,抚顺市,2104.0,2017,12,-10.316129032258065,-8.674193548387095,0.019354838709677424,2.116129032258064,5.906451612903227,57.451612903225815
273,拉萨市,5401.0,2017,1,0.10645161290322563,1.3741935483870964,0.0,1.7258064516129032,8.406451612903224,21.096774193548384
274,拉萨市,5401.0,2017,12,1.9580645161290324,1.4,0.0,1.525806451612903,8.658064516129029,23.35483870967742
275,揭阳市,4452.0,2017,1,16.819354838709675,19.783870967741933,0.3258064516129033,1.7225806451612906,4.354838709677418,78.5806451612903
276,揭阳市,4452.0,2017,12,15.670967741935485,17.783870967741933,0.17419354838709675,2.161290322580645,5.7548387096774185,64.25806451612904
277,攀枝花市,5104.0,2017,1,14.47741935483871,15.577419354838712,0.016129032258064516,1.0903225806451615,8.854838709677422,51.225806451612904
278,攀枝花市,5104.0,2017,12,13.345161290322581,15.006451612903225,0.0,1.1161290322580646,6.741935483870968,61.70967741935484
279,文山壮族苗族自治州,5326.0,2017,1,11.490322580645158,13.780645161290323,0.8516129032258064,2.6903225806451614,2.648387096774194,85.74193548387096
280,文山壮族苗族自治州,5326.0,2017,12,9.28064516129032,12.206451612903225,1.2548387096774194,2.4064516129032256,3.958064516129032,85.19354838709677
281,新乡市,4107.0,2017,1,1.816129032258064,2.4161290322580644,0.4032258064516129,1.829032258064516,3.2548387096774194,65.35483870967742
282,新乡市,4107.0,2017,12,2.822580645161291,1.6709677419354838,0.035483870967741936,1.8322580645161293,5.525806451612903,48.70967741935484
283,新余市,3605.0,2017,1,9.24516129032258,9.829032258064515,1.0580645161290323,1.1419354838709677,2.496774193548388,75.83870967741936
284,新余市,3605.0,2017,12,8.396774193548385,8.12258064516129,1.1193548387096774,0.9129032258064514,3.938709677419355,71.6774193548387
285,无锡市,3202.0,2017,1,5.9483870967741925,6.793548387096775,2.0,2.1645161290322585,4.1000000000000005,76.74193548387096
286,无锡市,3202.0,2017,12,5.9645161290322575,5.9806451612903215,0.5129032258064516,1.8258064516129031,5.145161290322581,67.87096774193549
287,日喀则地区,5423.0,2017,1,-3.02258064516129,-2.5645161290322585,0.00967741935483871,1.706451612903226,8.864516129032257,23.322580645161292
288,日喀则地区,5423.0,2017,12,-2.2161290322580647,-1.9516129032258065,0.0,1.1161290322580648,8.861290322580649,31.29032258064516
289,日照市,3711.0,2017,1,1.9387096774193544,2.1161290322580637,1.2741935483870968,3.3645161290322583,4.916129032258065,63.0
290,日照市,3711.0,2017,12,3.1516129032258067,3.032258064516129,0.022580645161290318,3.103225806451613,6.009677419354838,47.87096774193547
291,昆明市,5301.0,2017,1,10.167741935483873,11.896774193548387,0.6741935483870968,2.3193548387096783,8.21935483870968,70.6774193548387
292,昆明市,5301.0,2017,12,9.43,11.330000000000005,0.0,2.023333333333334,6.833333333333332,72.83333333333333
293,昌吉回族自治州,6523.0,2017,1,-18.658064516129038,-4.919354838709675,0.04838709677419355,1.3870967741935492,1.9903225806451612,80.5806451612903
294,昌吉回族自治州,6523.0,2017,12,-8.680645161290322,-8.625806451612902,0.1774193548387097,1.3516129032258064,2.670967741935484,81.96774193548387
295,昌都地区,5421.0,2017,1,-1.22258064516129,-1.9806451612903229,0.0064516129032258064,1.3032258064516125,6.932258064516129,28.483870967741932
296,昌都地区,5421.0,2017,12,0.7516129032258065,0.8290322580645161,0.0,1.0870967741935484,7.43225806451613,26.451612903225808
297,昭通市,5306.0,2017,1,5.3193548387096765,10.061290322580644,0.0,1.7290322580645159,5.596774193548387,70.06451612903226
298,昭通市,5306.0,2017,12,3.4806451612903224,6.1806451612903235,0.05483870967741936,1.2741935483870963,3.0258064516129037,77.29032258064517
299,晋中市,1407.0,2017,1,-2.5032258064516135,-1.929032258064516,0.06451612903225806,1.6483870967741934,6.003225806451613,54.516129032258064
300,晋中市,1407.0,2017,12,-3.0516129032258066,-2.532258064516129,0.04838709677419355,1.7838709677419355,6.112903225806452,47.32258064516129
301,晋城市,1405.0,2017,1,0.28387096774193554,1.2290322580645159,0.38387096774193546,1.5225806451612904,5.2,56.774193548387096
302,晋城市,1405.0,2017,12,0.3709677419354838,-1.3096774193548386,0.05483870967741936,2.1870967741935483,6.816129032258066,42.19354838709677
303,普洱市,5308.0,2017,1,15.219354838709679,17.2,2.338709677419355,0.8290322580645162,7.338709677419355,79.4193548387097
304,普洱市,5308.0,2017,12,14.306451612903226,16.229032258064514,0.6516129032258065,0.906451612903226,7.070967741935482,77.83870967741936
305,景德镇市,3602.0,2017,1,8.970967741935484,9.993548387096777,1.9548387096774196,0.6645161290322582,3.4935483870967743,75.35483870967742
306,景德镇市,3602.0,2017,12,7.993548387096773,8.48709677419355,1.074193548387097,1.0064516129032255,4.606451612903227,72.74193548387096
307,曲靖市,5303.0,2017,1,10.24516129032258,11.40967741935484,0.3,2.4806451612903224,6.345161290322581,69.25806451612904
308,曲靖市,5303.0,2017,12,7.767741935483871,10.0,0.1129032258064516,2.1161290322580637,5.02258064516129,73.5806451612903
309,朔州市,1406.0,2017,1,-7.299999999999999,-5.7645161290322555,0.0,1.7161290322580645,5.654838709677419,46.935483870967744
310,朔州市,1406.0,2017,12,-7.151612903225807,-6.596774193548387,0.0,1.7096774193548392,7.1258064516129025,42.451612903225815
311,朝阳市,2113.0,2017,1,-7.393548387096773,-7.625806451612905,0.12903225806451613,2.183870967741936,4.812903225806451,49.354838709677416
312,朝阳市,2113.0,2017,12,-6.919354838709679,-7.396774193548388,0.0,2.341935483870968,5.087096774193548,41.774193548387096
313,本溪市,2105.0,2017,1,-8.964516129032258,-5.016129032258063,0.7709677419354838,2.0129032258064514,6.474193548387097,60.58064516129032
314,本溪市,2105.0,2017,12,-7.774193548387097,-6.851612903225807,0.06451612903225806,2.02258064516129,6.625806451612903,54.387096774193544
315,来宾市,4513.0,2017,1,13.993548387096775,15.425806451612909,1.9741935483870967,1.8193548387096772,2.9612903225806453,80.0
316,来宾市,4513.0,2017,12,13.077419354838707,14.264516129032257,1.1935483870967742,1.7903225806451613,4.058064516129033,68.19354838709678
317,杭州市,3301.0,2017,1,7.270967741935485,7.764516129032258,2.312903225806452,2.167741935483872,3.8483870967741938,73.6774193548387
318,杭州市,3301.0,2017,12,7.403225806451613,6.954838709677419,1.5096774193548386,1.9258064516129032,4.109677419354838,66.51612903225806
319,松原市,2207.0,2017,1,-13.716129032258065,-12.000000000000002,0.1258064516129032,2.032258064516129,5.696774193548388,66.74193548387096
320,松原市,2207.0,2017,12,-14.51935483870968,-16.525806451612905,0.061290322580645165,1.8903225806451616,4.9483870967741925,63.32258064516129
321,林芝地区,5426.0,2017,1,1.5000000000000002,5.541935483870968,0.04838709677419355,1.8548387096774188,5.493548387096776,47.58064516129032
322,林芝地区,5426.0,2017,12,3.548387096774193,6.006451612903227,0.0,1.4612903225806448,7.3677419354838705,52.064516129032256
323,果洛藏族自治州,6326.0,2017,1,-9.461290322580648,-7.241935483870969,0.10967741935483873,1.8064516129032264,6.635483870967742,49.87096774193547
324,果洛藏族自治州,6326.0,2017,12,-7.093548387096776,-5.574193548387097,0.0064516129032258064,1.916129032258064,7.7548387096774185,39.354838709677416
325,枣庄市,3704.0,2017,1,1.4064516129032263,3.061290322580643,1.261290322580645,1.3193548387096772,5.048387096774194,68.35483870967742
326,枣庄市,3704.0,2017,12,2.2032258064516133,1.9870967741935488,0.035483870967741936,1.2419354838709675,5.687096774193548,52.096774193548384
327,柳州市,4502.0,2017,1,14.080645161290324,15.5258064516129,2.6645161290322585,1.3419354838709676,3.161290322580645,72.96774193548387
328,柳州市,4502.0,2017,12,13.248387096774195,13.783870967741935,1.3741935483870968,1.3967741935483873,3.32258064516129,62.161290322580655
329,株洲市,4302.0,2017,1,8.125806451612902,9.258064516129028,1.316129032258064,2.42258064516129,2.4322580645161285,81.51612903225806
330,株洲市,4302.0,2017,12,8.28709677419355,9.25483870967742,1.1064516129032258,2.229032258064517,4.364516129032259,72.16129032258064
331,桂林市,4503.0,2017,1,11.825806451612909,12.603225806451613,1.6096774193548389,2.161290322580645,1.9161290322580644,68.09677419354838
332,桂林市,4503.0,2017,12,11.822580645161292,12.64516129032258,1.074193548387097,2.4064516129032247,3.629032258064516,55.774193548387096
333,梅州市,4414.0,2017,1,15.225806451612904,17.541935483870965,0.6806451612903225,1.4129032258064516,3.8516129032258055,79.74193548387096
334,梅州市,4414.0,2017,12,13.825806451612902,15.948387096774194,0.009677419354838712,1.7483870967741943,5.238709677419357,66.19354838709678
335,梧州市,4504.0,2017,1,14.790322580645164,16.612903225806456,1.0677419354838709,2.174193548387097,3.3741935483870966,79.5806451612903
336,梧州市,4504.0,2017,12,13.990322580645161,15.941935483870967,0.4225806451612904,2.145161290322581,4.7612903225806456,67.45161290322581
337,楚雄彝族自治州,5323.0,2017,1,10.890322580645158,13.422580645161288,1.164516129032258,1.816129032258064,7.722580645161289,67.93548387096774
338,楚雄彝族自治州,5323.0,2017,12,10.70967741935484,14.522580645161293,0.0,1.7903225806451617,6.554838709677418,70.06451612903226
339,榆林市,6108.0,2017,1,-4.832258064516129,-3.658064516129032,0.0,2.6903225806451605,7.5580645161290345,43.064516129032256
340,榆林市,6108.0,2017,12,-4.880645161290323,-4.1903225806451605,0.1,2.609677419354838,7.112903225806452,40.645161290322584
341,武威市,6206.0,2017,1,-5.161290322580643,-5.029032258064516,0.0,1.2806451612903225,7.616129032258066,35.74193548387097
342,武威市,6206.0,2017,12,-4.064516129032256,-5.261290322580646,0.0,1.3096774193548388,7.2967741935483845,42.774193548387096
343,武汉市,4201.0,2017,1,6.403225806451613,7.212903225806452,1.5548387096774194,1.6774193548387095,2.783870967741936,77.70967741935483
344,武汉市,4201.0,2017,12,5.377419354838708,6.619354838709676,0.2806451612903226,1.1354838709677415,4.048387096774194,76.4193548387097
345,毕节市,5205.0,2017,1,5.683870967741938,7.270967741935485,0.2387096774193548,1.1064516129032258,1.138709677419355,83.2258064516129
346,毕节市,5205.0,2017,12,5.087096774193548,6.183870967741936,0.5741935483870968,1.0096774193548388,2.0967741935483875,79.64516129032258
347,永州市,4311.0,2017,1,9.306451612903226,10.241935483870966,2.4354838709677415,2.4225806451612906,1.7548387096774192,81.51612903225806
348,永州市,4311.0,2017,12,9.44516129032258,9.98064516129032,1.0483870967741935,2.035483870967742,3.4354838709677415,70.09677419354838
349,汉中市,6107.0,2017,1,4.79032258064516,5.290322580645162,0.1870967741935484,0.7645161290322581,1.2548387096774194,82.64516129032258
350,汉中市,6107.0,2017,12,4.690322580645161,4.945161290322579,0.0,0.7677419354838709,3.4838709677419355,72.80645161290323
351,汕头市,4405.0,2017,1,17.300000000000004,20.645161290322584,0.3032258064516129,1.6806451612903226,4.293548387096774,78.96774193548387
352,汕头市,4405.0,2017,12,17.08709677419355,20.003225806451614,0.035483870967741936,1.6258064516129032,5.45483870967742,61.903225806451616
353,汕尾市,4415.0,2017,1,17.829032258064515,20.909677419354843,0.04838709677419355,2.032258064516129,5.106451612903225,74.0
354,汕尾市,4415.0,2017,12,17.093548387096778,19.34516129032258,0.0,2.2516129032258063,6.370967741935486,61.774193548387096
355,江门市,4407.0,2017,1,17.119354838709675,19.425806451612907,0.5193548387096775,1.3838709677419354,4.432258064516128,78.54838709677419
356,江门市,4407.0,2017,12,16.648387096774194,19.37096774193548,0.0,1.8967741935483868,5.870967741935482,60.25806451612904
357,池州市,3417.0,2017,1,6.0935483870967735,6.970967741935484,2.5225806451612898,2.54516129032258,4.135483870967741,80.3225806451613
358,池州市,3417.0,2017,12,6.280645161290322,6.858064516129033,0.6419354838709678,1.951612903225807,4.9322580645161285,75.48387096774194
359,沈阳市,2101.0,2017,1,-9.09032258064516,-6.016129032258062,0.23548387096774195,1.825806451612904,5.3419354838709685,62.74193548387096
360,沈阳市,2101.0,2017,12,-8.303225806451616,-8.764516129032257,0.0032258064516129032,1.8645161290322576,5.9645161290322575,50.70967741935484
361,沧州市,1309.0,2017,1,-1.4419354838709677,-0.8419354838709677,0.0,2.470967741935484,5.567741935483871,65.16129032258064
362,沧州市,1309.0,2017,12,-0.4645161290322581,-0.8548387096774194,0.0,2.7,7.196774193548388,54.451612903225815
363,河池市,4512.0,2017,1,13.806451612903226,14.964516129032257,1.9870967741935484,1.4451612903225806,1.2354838709677418,78.87096774193549
364,河池市,4512.0,2017,12,12.74516129032258,13.883870967741935,0.8161290322580644,1.2903225806451617,2.677419354838709,69.58064516129032
365,河源市,4416.0,2017,1,15.42258064516129,17.88064516129032,0.6516129032258065,1.780645161290323,4.093548387096775,77.29032258064517
366,河源市,4416.0,2017,12,14.467741935483868,17.332258064516132,0.0967741935483871,2.235483870967742,5.158064516129032,59.161290322580655
367,泉州市,3505.0,2017,1,14.522580645161293,17.03548387096774,0.2709677419354839,4.558064516129033,4.52258064516129,77.6774193548387
368,泉州市,3505.0,2017,12,14.674193548387098,17.348387096774193,0.0032258064516129032,5.47741935483871,5.8451612903225785,62.645161290322584
369,泰安市,3709.0,2017,1,-5.5612903225806445,,0.7580645161290323,6.712903225806452,6.561290322580646,53.516129032258064
370,泰安市,3709.0,2017,12,-5.1645161290322585,,0.07741935483870968,7.425806451612903,7.706451612903226,47.806451612903224
371,泰州市,3212.0,2017,1,4.2451612903225815,5.206451612903226,1.354838709677419,2.325806451612903,4.34516129032258,79.3225806451613
372,泰州市,3212.0,2017,12,4.322580645161288,5.103225806451612,0.2967741935483871,1.9935483870967743,6.048387096774192,72.5806451612903
373,泸州市,5105.0,2017,1,9.341935483870962,10.33548387096774,0.7774193548387096,1.6580645161290322,1.4096774193548385,88.41935483870968
374,泸州市,5105.0,2017,12,9.025806451612905,9.912903225806453,0.8290322580645161,1.6483870967741943,1.7225806451612902,88.48387096774192
375,洛阳市,4103.0,2017,1,2.0290322580645155,2.229032258064515,0.4838709677419355,3.3870967741935485,3.4967741935483865,60.32258064516129
376,洛阳市,4103.0,2017,12,4.083870967741936,3.729032258064516,0.025806451612903226,3.741935483870967,6.541935483870968,35.516129032258064
377,济南市,3701.0,2017,1,0.035483870967741936,0.5741935483870969,0.3387096774193548,1.5032258064516126,4.574193548387097,65.12903225806451
378,济南市,3701.0,2017,12,1.6129032258064515,0.5193548387096774,0.02903225806451613,1.903225806451613,6.054838709677418,45.41935483870968
379,济宁市,3708.0,2017,1,0.7225806451612904,1.3387096774193543,0.6419354838709677,1.3806451612903219,4.7967741935483845,74.93548387096773
380,济宁市,3708.0,2017,12,1.0032258064516129,1.2806451612903231,0.016129032258064516,1.4032258064516134,6.0032258064516135,61.41935483870968
381,海东地区,6302.0,2017,1,-3.367741935483871,-4.090322580645162,0.0,1.5935483870967742,6.0935483870967735,40.32258064516129
382,海东地区,6302.0,2017,12,-3.6838709677419357,-4.435483870967741,0.025806451612903226,1.6354838709677415,6.6161290322580655,45.645161290322584
383,海北藏族自治州,6322.0,2017,1,-9.870967741935484,-9.09032258064516,0.0,1.1096774193548389,6.6483870967741945,43.0
384,海北藏族自治州,6322.0,2017,12,-8.74193548387097,-7.641935483870967,0.0032258064516129032,1.0806451612903225,6.790322580645162,45.967741935483865
385,海南藏族自治州,6325.0,2017,1,-7.238709677419354,-7.387096774193548,0.0,0.9903225806451614,7.429032258064518,41.483870967741936
386,海南藏族自治州,6325.0,2017,12,-6.506451612903227,-8.264516129032257,0.07096774193548387,1.0483870967741935,7.896774193548388,43.25806451612904
387,海口市,4601.0,2017,1,19.73225806451613,21.47741935483871,1.0,3.2870967741935484,2.661290322580645,88.0
388,海口市,4601.0,2017,12,18.967741935483872,21.05161290322581,0.4258064516129032,3.412903225806453,2.938709677419355,76.5806451612903
389,海西蒙古族藏族自治州,6328.0,2017,1,-7.938709677419353,-8.299999999999999,0.022580645161290318,1.135483870967742,7.209677419354839,36.0
390,海西蒙古族藏族自治州,6328.0,2017,12,-7.090322580645162,-7.996774193548387,0.012903225806451613,1.274193548387097,6.641935483870969,33.16129032258065
391,淄博市,3703.0,2017,1,-0.3483870967741936,-0.2806451612903225,0.31935483870967746,1.8806451612903228,4.041935483870968,65.58064516129032
392,淄博市,3703.0,2017,12,0.8677419354838711,-1.3774193548387093,0.0,1.8741935483870968,5.4967741935483865,52.935483870967744
393,淮北市,3406.0,2017,1,2.8483870967741938,3.2322580645161296,1.474193548387097,1.7064516129032257,5.3419354838709685,70.6774193548387
394,淮北市,3406.0,2017,12,3.338709677419355,3.1967741935483867,0.022580645161290318,1.4774193548387098,6.451612903225807,58.225806451612904
395,淮南市,3404.0,2017,1,3.641935483870967,4.606451612903227,1.596774193548387,2.7322580645161296,4.9290322580645185,78.6774193548387
396,淮南市,3404.0,2017,12,4.083870967741936,4.032258064516129,0.1258064516129032,2.1774193548387086,5.7516129032258085,69.03225806451613
397,淮安市,3208.0,2017,1,3.170967741935484,4.132258064516128,1.5032258064516126,1.8838709677419356,4.603225806451613,77.74193548387096
398,淮安市,3208.0,2017,12,3.9,4.032258064516128,0.04516129032258065,2.0612903225806454,4.964516129032259,66.7741935483871
399,深圳市,4403.0,2017,1,18.058064516129036,21.435483870967747,0.16129032258064516,1.5548387096774194,4.825806451612904,77.48387096774194
400,深圳市,4403.0,2017,12,17.45161290322581,20.77741935483871,0.0,2.1,5.912903225806452,57.032258064516135
401,清远市,4418.0,2017,1,15.558064516129036,17.238709677419358,0.967741935483871,3.3032258064516125,3.8129032258064512,73.64516129032258
402,清远市,4418.0,2017,12,14.938709677419356,16.396774193548385,0.029032258064516123,4.083870967741936,5.167741935483871,56.354838709677416
403,温州市,3303.0,2017,1,9.996774193548386,11.280645161290321,0.9129032258064516,4.216129032258064,3.1483870967741936,75.0
404,温州市,3303.0,2017,12,10.01935483870968,10.290322580645157,0.9548387096774192,4.467741935483871,4.883870967741935,64.51612903225806
405,渭南市,6105.0,2017,1,2.4903225806451603,2.612903225806451,0.12258064516129033,1.1354838709677415,4.367741935483871,49.548387096774185
406,渭南市,6105.0,2017,12,2.967741935483871,2.2419354838709675,0.0,1.1903225806451612,6.838709677419355,39.935483870967744
407,湖州市,3305.0,2017,1,6.37741935483871,7.238709677419354,3.093548387096774,2.370967741935484,4.148387096774194,76.5806451612903
408,湖州市,3305.0,2017,12,6.96774193548387,7.551612903225807,0.9161290322580644,2.2322580645161287,5.019354838709678,67.64516129032258
409,湘潭市,4303.0,2017,1,8.125806451612902,9.258064516129028,1.316129032258064,2.42258064516129,2.4322580645161285,81.51612903225806
410,湘潭市,4303.0,2017,12,8.28709677419355,9.25483870967742,1.1064516129032258,2.229032258064517,4.364516129032259,72.16129032258064
411,湘西土家族苗族自治州,4331.0,2017,1,7.500000000000001,8.135483870967743,0.5451612903225808,1.1709677419354838,1.2064516129032257,77.3225806451613
412,湘西土家族苗族自治州,4331.0,2017,12,7.69032258064516,8.59032258064516,0.14838709677419354,1.0516129032258066,2.0935483870967744,76.3225806451613
413,湛江市,4408.0,2017,1,18.764516129032256,21.151612903225807,0.4483870967741936,2.5709677419354837,5.074193548387097,81.35483870967742
414,湛江市,4408.0,2017,12,17.67096774193548,20.019354838709678,0.03870967741935484,2.487096774193548,4.261290322580645,63.70967741935484
415,滁州市,3411.0,2017,1,4.141935483870967,5.280645161290322,1.5612903225806452,2.1161290322580637,4.303225806451613,80.6774193548387
416,滁州市,3411.0,2017,12,4.022580645161291,4.358064516129032,0.27419354838709675,1.6838709677419357,3.829032258064516,69.45161290322581
417,滨州市,3716.0,2017,1,-0.3483870967741936,-0.2806451612903225,0.31935483870967746,1.8806451612903228,4.041935483870968,65.58064516129032
418,滨州市,3716.0,2017,12,0.8677419354838711,-1.3774193548387093,0.0,1.8741935483870968,5.4967741935483865,52.935483870967744
419,漯河市,4111.0,2017,1,3.009677419354839,3.483870967741935,0.8935483870967742,1.5354838709677419,3.3032258064516125,68.7741935483871
420,漯河市,4111.0,2017,12,4.564516129032258,2.5806451612903225,0.04193548387096775,1.7322580645161294,5.677419354838709,50.064516129032256
421,漳州市,3506.0,2017,1,16.258064516129032,18.37096774193548,0.8225806451612904,1.4967741935483874,3.4903225806451608,75.12903225806451
422,漳州市,3506.0,2017,12,16.309677419354838,19.145161290322573,0.07419354838709677,1.6451612903225803,4.67741935483871,58.58064516129032
423,潍坊市,3707.0,2017,1,-0.18709677419354853,0.0064516129032259496,0.8612903225806453,1.645161290322581,4.77741935483871,66.7741935483871
424,潍坊市,3707.0,2017,12,1.3258064516129031,0.3806451612903225,0.029032258064516123,1.7,6.293548387096774,51.12903225806453
425,潮州市,4451.0,2017,1,17.300000000000004,20.645161290322584,0.3032258064516129,1.6806451612903226,4.293548387096774,78.96774193548387
426,潮州市,4451.0,2017,12,17.08709677419355,20.003225806451614,0.035483870967741936,1.6258064516129032,5.45483870967742,61.903225806451616
427,濮阳市,4109.0,2017,1,0.5548387096774194,1.5548387096774194,0.17419354838709675,1.8258064516129036,3.6612903225806455,68.6774193548387
428,濮阳市,4109.0,2017,12,1.119354838709677,0.38709677419354827,0.04838709677419355,2.129032258064516,5.741935483870968,53.838709677419345
429,烟台市,3706.0,2017,1,-0.7225806451612903,0.04838709677419375,0.7032258064516128,3.0451612903225804,5.141935483870967,68.0
430,烟台市,3706.0,2017,12,0.4870967741935484,0.5064516129032257,0.3967741935483871,3.0483870967741944,5.525806451612903,58.74193548387096
431,焦作市,4108.0,2017,1,1.816129032258064,2.4161290322580644,0.4032258064516129,1.829032258064516,3.2548387096774194,65.35483870967742
432,焦作市,4108.0,2017,12,2.822580645161291,1.6709677419354838,0.035483870967741936,1.8322580645161293,5.525806451612903,48.70967741935484
433,牡丹江市,2310.0,2017,1,-14.509677419354837,-9.990322580645161,0.05806451612903226,2.983870967741935,4.919354838709675,65.54838709677419
434,牡丹江市,2310.0,2017,12,-14.158064516129034,-12.67741935483871,0.03225806451612903,3.4225806451612906,4.500000000000001,58.32258064516129
435,玉林市,4509.0,2017,1,16.39032258064516,18.896774193548378,1.7806451612903225,1.5870967741935484,3.732258064516128,79.45161290322581
436,玉林市,4509.0,2017,12,14.845161290322585,16.687096774193552,0.3387096774193548,1.896774193548387,3.954838709677419,68.0
437,玉树藏族自治州,6327.0,2017,1,-6.32258064516129,-4.364516129032259,0.04193548387096775,1.6612903225806457,5.683870967741934,41.58064516129032
438,玉树藏族自治州,6327.0,2017,12,-4.674193548387097,-2.2774193548387096,0.045161290322580636,1.441935483870968,7.164516129032258,39.0
439,玉溪市,5304.0,2017,1,11.3,12.287096774193547,1.3096774193548388,1.7451612903225806,6.896774193548388,75.83870967741936
440,玉溪市,5304.0,2017,12,10.30967741935484,12.24516129032258,0.1,1.7193548387096769,6.248387096774193,74.87096774193549
441,珠海市,4404.0,2017,1,17.716129032258067,20.103225806451615,0.5741935483870967,1.9161290322580644,4.551612903225808,78.06451612903227
442,珠海市,4404.0,2017,12,17.383870967741935,19.91935483870968,0.0,2.5129032258064514,5.199999999999998,60.451612903225815
443,甘南藏族自治州,6230.0,2017,1,-7.351612903225805,-5.670967741935487,0.08709677419354839,1.4225806451612903,5.922580645161292,52.12903225806453
444,甘南藏族自治州,6230.0,2017,12,-7.209677419354839,-6.425806451612903,0.0032258064516129032,1.261290322580645,6.774193548387097,47.161290322580655
445,甘孜藏族自治州,5133.0,2017,1,0.04193548387096782,3.2096774193548385,0.0,3.235483870967742,5.264516129032256,70.06451612903226
446,甘孜藏族自治州,5133.0,2017,12,-0.10322580645161293,2.5645161290322585,0.012903225806451613,2.632258064516129,4.354838709677419,77.03225806451613
447,白城市,2208.0,2017,1,-13.741935483870966,-6.716129032258063,0.04193548387096775,2.370967741935484,6.916129032258066,63.87096774193547
448,白城市,2208.0,2017,12,-14.077419354838707,-15.080645161290322,0.03870967741935484,2.0096774193548392,5.596774193548387,51.064516129032256
449,白山市,2206.0,2017,1,-15.577419354838707,-2.2419354838709675,0.4096774193548387,2.170967741935484,5.074193548387097,68.61290322580646
450,白山市,2206.0,2017,12,-14.338709677419354,-4.3419354838709685,0.20967741935483872,2.2354838709677427,4.364516129032259,68.7741935483871
451,白银市,6204.0,2017,1,-4.316129032258065,-4.532258064516128,0.0,1.0709677419354835,6.929032258064517,47.612903225806456
452,白银市,6204.0,2017,12,-4.529032258064516,-5.896774193548388,0.00967741935483871,1.0193548387096774,6.783870967741937,56.903225806451616
453,百色市,4510.0,2017,1,16.222580645161294,17.206451612903226,2.3354838709677432,1.2774193548387098,1.8096774193548388,80.61290322580646
454,百色市,4510.0,2017,12,14.122580645161287,14.564516129032262,0.3096774193548387,1.238709677419355,2.490322580645161,76.38709677419354
455,益阳市,4309.0,2017,1,8.0,8.351612903225805,1.2548387096774194,1.6290322580645156,1.3580645161290323,77.6774193548387
456,益阳市,4309.0,2017,12,8.829032258064515,7.7967741935483845,0.532258064516129,1.664516129032258,3.883870967741936,67.6774193548387
457,盐城市,3209.0,2017,1,3.4258064516129036,3.7451612903225815,1.216129032258065,2.7032258064516133,4.27741935483871,78.87096774193549
458,盐城市,3209.0,2017,12,3.709677419354838,3.8032258064516133,0.1129032258064516,2.3322580645161293,6.3096774193548395,67.96774193548387
459,盘锦市,2111.0,2017,1,-6.106451612903223,-5.5032258064516135,0.15483870967741936,2.0806451612903216,5.316129032258064,57.70967741935484
460,盘锦市,2111.0,2017,12,-5.2483870967741915,-6.05483870967742,0.0032258064516129032,2.6387096774193552,5.94516129032258,48.74193548387096
461,眉山市,5114.0,2017,1,7.267741935483872,8.641935483870968,0.13870967741935486,1.1903225806451612,1.6677419354838707,81.38709677419354
462,眉山市,5114.0,2017,12,6.47741935483871,8.122580645161289,0.04516129032258065,1.1161290322580644,3.758064516129032,79.80645161290323
463,石嘴山市,6402.0,2017,1,-5.216129032258063,-2.7161290322580647,0.0,1.8129032258064517,7.7838709677419375,42.19354838709677
464,石嘴山市,6402.0,2017,12,-4.690322580645162,-3.3290322580645166,0.0032258064516129032,1.9,7.541935483870968,45.225806451612904
465,石家庄市,1301.0,2017,1,-1.0096774193548388,-1.0516129032258066,0.035483870967741936,1.590322580645161,3.219354838709677,59.12903225806453
466,石家庄市,1301.0,2017,12,1.3645161290322585,-0.6645161290322581,0.00967741935483871,1.9064516129032263,6.529032258064518,39.12903225806452
467,福州市,3501.0,2017,1,13.509677419354837,15.603225806451617,1.0483870967741935,1.970967741935484,2.761290322580645,74.51612903225806
468,福州市,3501.0,2017,12,13.325806451612902,15.064516129032267,0.23870967741935484,2.274193548387097,3.5225806451612898,62.806451612903224
469,秦皇岛市,1303.0,2017,1,-4.5129032258064505,-3.4516129032258065,0.2806451612903226,1.7774193548387098,5.335483870967742,64.80645161290322
470,秦皇岛市,1303.0,2017,12,-2.9483870967741925,-3.1709677419354843,0.01935483870967742,1.7580645161290325,6.545161290322581,52.806451612903224
471,红河哈尼族彝族自治州,5325.0,2017,1,14.280645161290323,17.251612903225812,0.7451612903225807,3.3322580645161284,6.861290322580645,76.80645161290323
472,红河哈尼族彝族自治州,5325.0,2017,12,12.25483870967742,15.132258064516131,0.7354838709677419,2.7258064516129044,6.290322580645161,76.96774193548387
473,绍兴市,3306.0,2017,1,7.0,7.480645161290322,2.0354838709677416,2.1032258064516127,3.567741935483871,80.74193548387096
474,绍兴市,3306.0,2017,12,7.048387096774196,7.103225806451615,1.3967741935483873,2.1548387096774198,4.522580645161291,74.93548387096773
475,绥化市,2312.0,2017,1,-16.970967741935482,-5.696774193548388,0.12580645161290324,1.803225806451613,4.783870967741935,71.61290322580646
476,绥化市,2312.0,2017,12,-18.532258064516125,-9.022580645161293,0.2741935483870967,1.8000000000000005,4.719354838709677,68.06451612903226
477,绵阳市,5107.0,2017,1,8.296774193548387,8.416129032258064,0.1258064516129032,1.458064516129032,1.6548387096774195,69.90322580645162
478,绵阳市,5107.0,2017,12,7.9290322580645185,8.516129032258064,0.03870967741935484,1.3903225806451611,3.9806451612903215,66.90322580645162
479,聊城市,3715.0,2017,1,0.5548387096774194,1.5548387096774194,0.17419354838709675,1.8258064516129036,3.6612903225806455,68.6774193548387
480,聊城市,3715.0,2017,12,1.119354838709677,0.38709677419354827,0.04838709677419355,2.129032258064516,5.741935483870968,53.838709677419345
481,肇庆市,4412.0,2017,1,14.641935483870965,16.316129032258065,1.0741935483870966,1.3419354838709676,3.3999999999999995,83.80645161290323
482,肇庆市,4412.0,2017,12,13.277419354838708,15.122580645161287,0.15483870967741936,1.4709677419354843,4.961290322580645,74.09677419354837
483,自贡市,5103.0,2017,1,8.741935483870968,10.151612903225807,0.21935483870967745,1.2516129032258063,1.6935483870967742,83.38709677419354
484,自贡市,5103.0,2017,12,8.241935483870968,9.396774193548387,0.16451612903225807,1.196774193548387,1.9935483870967745,83.29032258064517
485,舟山市,3309.0,2017,1,8.241935483870968,8.567741935483872,1.6129032258064515,2.1258064516129034,3.5354838709677416,79.5806451612903
486,舟山市,3309.0,2017,12,8.319354838709678,7.66774193548387,1.238709677419355,1.809677419354839,4.7,69.96774193548387
487,芜湖市,3402.0,2017,1,5.403225806451613,6.4806451612903215,2.1032258064516127,2.9387096774193555,3.725806451612903,75.74193548387096
488,芜湖市,3402.0,2017,12,6.151612903225807,6.622580645161292,0.4258064516129032,2.448387096774194,4.2548387096774185,63.87096774193547
489,苏州市,3205.0,2017,1,5.9483870967741925,6.793548387096775,2.0,2.1645161290322585,4.1000000000000005,76.74193548387096
490,苏州市,3205.0,2017,12,5.9645161290322575,5.9806451612903215,0.5129032258064516,1.8258064516129031,5.145161290322581,67.87096774193549
491,茂名市,4409.0,2017,1,18.764516129032256,21.151612903225807,0.4483870967741936,2.5709677419354837,5.074193548387097,81.35483870967742
492,茂名市,4409.0,2017,12,17.67096774193548,20.019354838709678,0.03870967741935484,2.487096774193548,4.261290322580645,63.70967741935484
493,荆州市,4210.0,2017,1,6.725806451612901,6.758064516129032,1.1419354838709674,1.7096774193548383,2.7967741935483867,73.48387096774194
494,荆州市,4210.0,2017,12,7.3677419354838705,6.848387096774193,0.1935483870967742,1.6032258064516127,4.725806451612902,68.38709677419354
495,荆门市,4208.0,2017,1,5.7838709677419375,6.806451612903224,1.0612903225806454,2.9032258064516125,3.4451612903225803,74.16129032258064
496,荆门市,4208.0,2017,12,7.0129032258064505,7.712903225806452,0.016129032258064516,2.7290322580645165,5.0677419354838715,58.806451612903224
497,莆田市,3503.0,2017,1,13.548387096774194,14.75483870967742,0.9258064516129032,3.8806451612903223,2.2032258064516133,82.64516129032258
498,莆田市,3503.0,2017,12,13.732258064516124,15.074193548387097,0.29354838709677417,5.196774193548388,3.2516129032258063,70.0
499,莱芜市,3712.0,2017,1,0.035483870967741936,0.5741935483870969,0.3387096774193548,1.5032258064516126,4.574193548387097,65.12903225806451
500,莱芜市,3712.0,2017,12,1.6129032258064515,0.5193548387096774,0.02903225806451613,1.903225806451613,6.054838709677418,45.41935483870968
501,菏泽市,3717.0,2017,1,1.5419354838709678,2.261290322580645,0.464516129032258,2.2193548387096773,4.093548387096774,68.70967741935483
502,菏泽市,3717.0,2017,12,2.4032258064516134,2.4000000000000004,0.06774193548387097,2.1999999999999997,5.970967741935484,56.774193548387096
503,萍乡市,3603.0,2017,1,9.183870967741935,10.280645161290323,1.1774193548387095,1.6677419354838707,2.835483870967741,75.48387096774194
504,萍乡市,3603.0,2017,12,8.125806451612902,8.40967741935484,1.396774193548387,1.558064516129032,3.2870967741935484,71.93548387096773
505,营口市,2108.0,2017,1,-7.97741935483871,-5.019354838709678,0.38064516129032255,1.87741935483871,5.145161290322581,63.612903225806456
506,营口市,2108.0,2017,12,-6.335483870967742,-6.325806451612902,0.0064516129032258064,2.0483870967741944,5.670967741935482,49.70967741935484
507,葫芦岛市,2114.0,2017,1,-5.506451612903227,-5.719354838709678,0.19677419354838707,2.0483870967741944,6.280645161290321,50.0
508,葫芦岛市,2114.0,2017,12,-4.896774193548387,-6.5838709677419365,0.0032258064516129032,1.7483870967741937,6.5838709677419365,39.0
509,蚌埠市,3403.0,2017,1,3.641935483870967,4.606451612903227,1.596774193548387,2.7322580645161296,4.9290322580645185,78.6774193548387
510,蚌埠市,3403.0,2017,12,4.083870967741936,4.032258064516129,0.1258064516129032,2.1774193548387086,5.7516129032258085,69.03225806451613
511,衡水市,1311.0,2017,1,-2.5064516129032257,-1.5483870967741935,0.0,1.664516129032258,4.325806451612904,67.7741935483871
512,衡水市,1311.0,2017,12,-1.164516129032258,-1.9193548387096775,0.022580645161290318,2.064516129032258,6.8161290322580665,52.58064516129032
513,衡阳市,4304.0,2017,1,3.5903225806451613,5.5032258064516135,1.2451612903225806,4.848000000000001,2.719354838709677,87.12903225806451
514,衡阳市,4304.0,2017,12,3.0870967741935487,4.751612903225807,1.238709677419355,4.226923076923078,4.499999999999999,70.0
515,衢州市,3308.0,2017,1,8.59032258064516,9.680645161290323,1.1,2.6516129032258062,3.1935483870967736,79.19354838709677
516,衢州市,3308.0,2017,12,7.683870967741934,8.264516129032259,1.664516129032258,2.2935483870967746,4.590322580645162,74.29032258064517
517,襄阳市,4206.0,2017,1,5.241935483870969,5.200000000000001,1.1290322580645165,2.822580645161291,3.6419354838709683,74.83870967741936
518,襄阳市,4206.0,2017,12,6.854838709677418,6.287096774193549,0.03225806451612903,3.1096774193548384,5.012903225806451,53.064516129032256
519,西双版纳傣族自治州,5328.0,2017,1,19.016129032258068,22.429032258064517,1.9580645161290324,0.5612903225806452,6.419354838709677,79.16129032258064
520,西双版纳傣族自治州,5328.0,2017,12,17.85806451612903,20.83870967741936,1.3161290322580643,0.6129032258064515,5.151612903225806,82.0
521,西宁市,6301.0,2017,1,-6.706451612903226,-5.325806451612904,0.0,0.8032258064516129,7.2,46.516129032258064
522,西宁市,6301.0,2017,12,-6.3741935483870975,-6.203225806451613,0.025806451612903226,0.6741935483870969,6.932258064516129,48.29032258064516
523,西安市,6101.0,2017,1,2.6903225806451614,1.9032258064516128,0.11612903225806452,2.1161290322580646,3.448387096774194,55.548387096774185
524,西安市,6101.0,2017,12,3.0258064516129037,2.1935483870967745,0.0,1.7225806451612902,5.122580645161291,45.25806451612904
525,许昌市,4110.0,2017,1,1.4967741935483878,2.9774193548387093,0.7225806451612903,2.083870967741936,2.8870967741935485,73.7741935483871
526,许昌市,4110.0,2017,12,2.8645161290322574,3.658064516129032,0.01935483870967742,2.3709677419354844,5.58709677419355,52.516129032258064
527,贵港市,4508.0,2017,1,15.66451612903226,17.6741935483871,2.3999999999999995,1.0258064516129033,3.1,83.03225806451613
528,贵港市,4508.0,2017,12,14.864516129032259,16.506451612903227,1.6000000000000003,1.1064516129032258,3.7774193548387114,72.06451612903227
529,贵阳市,5201.0,2017,1,6.606451612903223,7.906451612903226,0.7096774193548387,2.5806451612903225,0.5935483870967742,87.25806451612905
530,贵阳市,5201.0,2017,12,6.506451612903223,8.077419354838709,0.3935483870967741,2.3935483870967738,2.5193548387096767,73.83870967741936
531,贺州市,4511.0,2017,1,12.403225806451614,14.154838709677415,1.941935483870968,2.5064516129032253,3.0903225806451617,78.16129032258064
532,贺州市,4511.0,2017,12,12.161290322580648,13.377419354838713,1.0677419354838709,2.358064516129032,3.761290322580645,64.29032258064517
533,资阳市,5120.0,2017,1,8.703225806451615,9.009677419354839,0.4387096774193548,1.2774193548387098,2.012903225806452,82.54838709677419
534,资阳市,5120.0,2017,12,7.9709677419354845,8.022580645161291,0.035483870967741936,1.1193548387096774,1.5161290322580645,85.5806451612903
535,赣州市,3607.0,2017,1,11.361290322580647,12.89677419354839,1.5483870967741935,1.196774193548387,3.193548387096774,81.12903225806451
536,赣州市,3607.0,2017,12,10.277419354838708,11.700000000000005,0.0967741935483871,1.3322580645161284,5.12258064516129,68.2258064516129
537,赤峰市,1504.0,2017,1,-8.706451612903225,-9.751612903225805,0.11612903225806452,2.7096774193548385,6.364516129032258,44.29032258064516
538,赤峰市,1504.0,2017,12,-8.822580645161288,-10.438709677419354,0.01935483870967742,2.954838709677419,6.241935483870968,40.29032258064515
539,辽源市,2204.0,2017,1,-13.174193548387098,-4.803225806451613,0.3612903225806451,1.867741935483871,5.6,67.93548387096774
540,辽源市,2204.0,2017,12,-12.358064516129033,-11.638709677419353,0.03870967741935485,1.7645161290322586,4.770967741935484,66.35483870967742
541,辽阳市,2110.0,2017,1,-9.09032258064516,-6.016129032258062,0.23548387096774195,1.825806451612904,5.3419354838709685,62.74193548387096
542,辽阳市,2110.0,2017,12,-8.303225806451616,-8.764516129032257,0.0032258064516129032,1.8645161290322576,5.9645161290322575,50.70967741935484
543,达州市,5117.0,2017,1,8.558064516129031,8.506451612903227,0.3290322580645161,1.1,1.1677419354838707,79.96774193548387
544,达州市,5117.0,2017,12,8.548387096774192,9.154838709677422,0.15806451612903227,1.0161290322580647,1.4258064516129032,82.90322580645163
545,运城市,1408.0,2017,1,1.409677419354838,2.2096774193548385,0.13548387096774195,2.074193548387097,3.2741935483870965,57.032258064516135
546,运城市,1408.0,2017,12,0.5838709677419353,0.8096774193548391,0.0,1.9064516129032256,5.661290322580642,46.612903225806456
547,连云港市,3207.0,2017,1,1.9322580645161285,2.809677419354838,1.883870967741936,1.9193548387096773,5.206451612903226,74.03225806451613
548,连云港市,3207.0,2017,12,2.9258064516129028,2.670967741935484,0.1032258064516129,1.838709677419354,6.064516129032258,58.29032258064516
549,迪庆藏族自治州,5334.0,2017,1,-1.9258064516129032,0.4612903225806452,0.0,2.9612903225806444,9.448387096774193,44.32258064516129
550,迪庆藏族自治州,5334.0,2017,12,0.9516129032258064,3.6161290322580646,0.0,1.9548387096774191,9.458064516129033,48.612903225806456
551,通化市,2205.0,2017,1,-11.687096774193552,-2.545161290322581,0.4677419354838709,1.280645161290323,5.4,69.51612903225806
552,通化市,2205.0,2017,12,-10.8,-8.39032258064516,0.035483870967741936,1.5193548387096771,4.8193548387096765,66.25806451612904
553,通辽市,1505.0,2017,1,-9.958064516129037,-10.570967741935485,0.05806451612903226,2.274193548387098,6.6645161290322585,47.12903225806453
554,通辽市,1505.0,2017,12,-10.280645161290323,-10.948387096774194,0.0032258064516129032,2.1806451612903226,6.383870967741934,44.903225806451616
555,遂宁市,5109.0,2017,1,8.703225806451615,9.009677419354839,0.4387096774193548,1.2774193548387098,2.012903225806452,82.54838709677419
556,遂宁市,5109.0,2017,12,7.9709677419354845,8.022580645161291,0.035483870967741936,1.1193548387096774,1.5161290322580645,85.5806451612903
557,遵义市,5203.0,2017,1,6.9064516129032265,7.674193548387097,0.667741935483871,1.4709677419354836,0.5064516129032258,82.38709677419354
558,遵义市,5203.0,2017,12,6.996774193548387,7.258064516129031,0.4419354838709678,1.1419354838709677,2.338709677419355,74.54838709677419
559,邢台市,1305.0,2017,1,-0.7741935483870969,-0.4645161290322579,0.045161290322580636,2.5354838709677416,3.4838709677419355,63.74193548387096
560,邢台市,1305.0,2017,12,1.738709677419355,0.5580645161290323,0.03225806451612903,3.1967741935483884,6.061290322580646,39.451612903225815
561,那曲地区,5424.0,2017,1,-9.86451612903226,-8.148387096774195,0.20967741935483872,2.606451612903226,6.6903225806451605,38.61290322580645
562,那曲地区,5424.0,2017,12,-6.619354838709677,-6.312903225806452,0.0,2.3806451612903228,8.558064516129031,23.12903225806452
563,邯郸市,1304.0,2017,1,-0.7741935483870969,-0.4645161290322579,0.045161290322580636,2.5354838709677416,3.4838709677419355,63.74193548387096
564,邯郸市,1304.0,2017,12,1.738709677419355,0.5580645161290323,0.03225806451612903,3.1967741935483884,6.061290322580646,39.451612903225815
565,邵阳市,4305.0,2017,1,7.941935483870967,8.922580645161293,1.6096774193548389,1.7,1.1064516129032258,78.83870967741936
566,邵阳市,4305.0,2017,12,8.374193548387098,8.8,0.9161290322580644,1.5064516129032257,3.6967741935483867,66.48387096774194
567,郑州市,4101.0,2017,1,2.880645161290321,3.1258064516129034,0.5709677419354839,1.6000000000000003,3.7774193548387114,65.12903225806451
568,郑州市,4101.0,2017,12,4.470967741935484,3.770967741935484,0.02903225806451613,1.816129032258064,5.758064516129032,42.83870967741935
569,郴州市,4310.0,2017,1,8.603225806451613,9.54193548387097,2.112903225806452,2.9161290322580653,2.325806451612903,85.09677419354837
570,郴州市,4310.0,2017,12,8.383870967741935,8.899999999999997,1.3096774193548388,2.8516129032258077,3.5709677419354846,72.29032258064517
571,鄂尔多斯市,1506.0,2017,1,-6.161290322580644,-7.1967741935483875,0.025806451612903226,2.2258064516129035,7.0612903225806445,42.516129032258064
572,鄂尔多斯市,1506.0,2017,12,-5.919354838709677,-6.419354838709677,0.035483870967741936,2.3967741935483877,7.4225806451612915,39.29032258064515
573,鄂州市,4207.0,2017,1,7.3838709677419345,7.767741935483871,2.0387096774193547,1.538709677419355,3.1516129032258062,75.0
574,鄂州市,4207.0,2017,12,6.848387096774196,6.55483870967742,0.5612903225806452,1.341935483870968,4.441935483870967,72.09677419354837
575,酒泉市,6209.0,2017,1,-1.4387096774193548,-1.2870967741935484,0.18387096774193548,2.041935483870968,6.15483870967742,44.29032258064516
576,酒泉市,6209.0,2017,12,-1.2548387096774196,-1.9451612903225808,0.0032258064516129032,1.9516129032258065,7.380645161290323,41.096774193548384
577,重庆市,5000.0,2017,1,10.387096774193546,10.33548387096774,0.4709677419354838,1.1451612903225812,0.6064516129032257,78.09677419354837
578,重庆市,5000.0,2017,12,9.893548387096773,9.973333333333333,0.3161290322580645,1.2322580645161292,0.932258064516129,80.38709677419354
579,金华市,3307.0,2017,1,8.774193548387098,10.051612903225807,1.632258064516129,1.7870967741935484,3.7548387096774185,74.87096774193549
580,金华市,3307.0,2017,12,8.141935483870968,8.816129032258063,1.3935483870967742,1.4548387096774194,3.8451612903225807,69.19354838709678
581,金昌市,6203.0,2017,1,-8.190322580645162,-7.258064516129035,0.0064516129032258064,3.2870967741935484,7.729032258064518,35.354838709677416
582,金昌市,6203.0,2017,12,-7.293548387096772,-7.2032258064516155,0.02903225806451613,3.3870967741935485,7.390322580645161,39.41935483870968
583,钦州市,4507.0,2017,1,16.370967741935484,19.009677419354837,1.9,2.906451612903226,3.6225806451612903,82.06451612903227
584,钦州市,4507.0,2017,12,14.970967741935484,15.95806451612903,1.8096774193548388,3.458064516129032,3.4548387096774196,68.25806451612904
585,铁岭市,2112.0,2017,1,-10.558064516129033,-5.635483870967742,0.2129032258064516,1.9774193548387098,5.641935483870969,62.451612903225815
586,铁岭市,2112.0,2017,12,-9.919354838709678,-10.406451612903224,0.045161290322580636,2.074193548387097,5.7290322580645165,52.774193548387096
587,铜仁市,5206.0,2017,1,8.080645161290322,8.880645161290321,0.7064516129032257,1.5516129032258066,0.7645161290322581,72.74193548387096
588,铜仁市,5206.0,2017,12,8.409677419354834,9.416129032258066,0.2129032258064516,1.1161290322580648,2.4354838709677415,68.58064516129032
589,铜川市,6102.0,2017,1,0.8064516129032258,1.0903225806451615,0.08387096774193549,1.6129032258064515,4.258064516129032,52.354838709677416
590,铜川市,6102.0,2017,12,0.6870967741935485,0.9258064516129032,0.0,1.848387096774193,6.919354838709676,46.32258064516129
591,铜陵市,3407.0,2017,1,6.0935483870967735,6.970967741935484,2.5225806451612898,2.54516129032258,4.135483870967741,80.3225806451613
592,铜陵市,3407.0,2017,12,6.280645161290322,6.858064516129033,0.6419354838709678,1.951612903225807,4.9322580645161285,75.48387096774194
593,银川市,6401.0,2017,1,-4.641935483870967,-6.348387096774192,0.0,1.4612903225806448,5.800000000000002,45.0
594,银川市,6401.0,2017,12,-4.532258064516128,-6.84516129032258,0.012903225806451613,1.303225806451613,6.383870967741935,49.225806451612904
595,锡林郭勒盟,1525.0,2017,1,-15.864516129032259,-12.893548387096775,0.07096774193548387,2.874193548387097,6.148387096774192,66.16129032258064
596,锡林郭勒盟,1525.0,2017,12,-15.141935483870967,-15.29032258064516,0.16774193548387095,2.7161290322580647,5.73548387096774,62.645161290322584
597,锦州市,2107.0,2017,1,-5.506451612903227,-5.719354838709678,0.19677419354838707,2.0483870967741944,6.280645161290321,50.0
598,锦州市,2107.0,2017,12,-4.896774193548387,-6.5838709677419365,0.0032258064516129032,1.7483870967741937,6.5838709677419365,39.0
599,镇江市,3211.0,2017,1,5.403225806451613,5.806451612903227,1.7258064516129037,1.690322580645161,3.870967741935484,75.35483870967742
600,镇江市,3211.0,2017,12,5.887096774193551,5.712903225806451,0.3774193548387096,1.5451612903225809,4.935483870967741,63.67741935483871
601,长春市,2201.0,2017,1,-12.225806451612904,-8.535483870967742,0.2870967741935484,2.454838709677419,6.0580645161290345,65.2258064516129
602,长春市,2201.0,2017,12,-12.4258064516129,-12.306451612903226,0.11612903225806452,2.329032258064516,5.46774193548387,60.806451612903224
603,长沙市,4301.0,2017,1,8.125806451612902,9.258064516129028,1.316129032258064,2.42258064516129,2.4322580645161285,81.51612903225806
604,长沙市,4301.0,2017,12,8.28709677419355,9.25483870967742,1.1064516129032258,2.229032258064517,4.364516129032259,72.16129032258064
605,长治市,1404.0,2017,1,-2.5064516129032253,-1.7548387096774196,0.0935483870967742,1.361290322580645,4.235483870967744,58.451612903225815
606,长治市,1404.0,2017,12,-3.5193548387096767,-3.0290322580645164,0.0935483870967742,1.6580645161290324,6.709677419354839,51.935483870967744
607,阜新市,2109.0,2017,1,-9.341935483870966,-8.53225806451613,0.00967741935483871,2.4806451612903224,6.087096774193549,50.41935483870968
608,阜新市,2109.0,2017,12,-9.216129032258065,-9.229032258064516,0.0,2.4580645161290327,6.290322580645161,41.645161290322584
609,阜阳市,3412.0,2017,1,3.8161290322580643,4.674193548387096,1.3258064516129036,2.425806451612903,3.7096774193548385,76.51612903225806
610,阜阳市,3412.0,2017,12,4.693548387096773,4.54516129032258,0.1258064516129032,2.206451612903225,4.187096774193549,65.41935483870968
611,防城港市,4506.0,2017,1,16.370967741935484,19.009677419354837,1.9,2.906451612903226,3.6225806451612903,82.06451612903227
612,防城港市,4506.0,2017,12,14.970967741935484,15.95806451612903,1.8096774193548388,3.458064516129032,3.4548387096774196,68.25806451612904
613,阳江市,4417.0,2017,1,17.641935483870963,20.21290322580645,1.0,3.3548387096774195,4.183870967741935,79.09677419354837
614,阳江市,4417.0,2017,12,17.1258064516129,20.138709677419357,0.012903225806451613,3.658064516129032,3.8612903225806448,58.548387096774185
615,阳泉市,1403.0,2017,1,-2.1580645161290324,-2.161290322580645,0.07741935483870968,2.1193548387096777,5.396774193548388,45.12903225806453
616,阳泉市,1403.0,2017,12,-1.5709677419354842,-2.6419354838709674,0.04838709677419355,2.819354838709677,6.225806451612903,29.032258064516128
617,阿克苏地区,6529.0,2017,1,-6.161290322580644,-6.329032258064518,0.045161290322580636,1.2967741935483872,5.7290322580645165,69.12903225806451
618,阿克苏地区,6529.0,2017,12,-3.57741935483871,-4.0935483870967735,0.022580645161290318,1.3451612903225805,5.55483870967742,65.06451612903226
619,阿勒泰地区,6543.0,2017,1,-15.193548387096774,-1.0612903225806452,0.2258064516129032,0.7677419354838709,5.235483870967742,72.38709677419354
620,阿勒泰地区,6543.0,2017,12,-10.729032258064516,-6.2,0.18064516129032254,0.8806451612903226,5.1,73.06451612903227
621,阿坝藏族羌族自治州,5132.0,2017,1,1.3774193548387097,1.7225806451612895,0.01935483870967742,1.2709677419354841,6.358064516129033,35.25806451612903
622,阿坝藏族羌族自治州,5132.0,2017,12,0.7612903225806451,1.8903225806451611,0.0,1.206451612903226,6.887096774193551,52.67741935483871
623,阿拉善盟,1529.0,2017,1,-5.141935483870967,-6.832258064516128,0.0,1.6290322580645158,8.041935483870969,29.451612903225808
624,阿拉善盟,1529.0,2017,12,-4.987096774193548,-7.751612903225808,0.00967741935483871,1.5677419354838709,7.390322580645161,29.064516129032263
625,阿里地区,5425.0,2017,1,-9.606451612903225,-8.470967741935485,0.0,2.7258064516129026,7.093548387096773,30.935483870967737
626,阿里地区,5425.0,2017,12,-6.93225806451613,-6.861290322580648,0.0935483870967742,2.319354838709677,8.35806451612903,24.70967741935484
627,陇南市,6212.0,2017,1,5.725806451612903,5.851612903225807,0.0,1.470967741935484,4.564516129032258,47.612903225806456
628,陇南市,6212.0,2017,12,4.861290322580644,3.4322580645161285,0.0,1.3129032258064517,5.741935483870968,43.161290322580655
629,随州市,4213.0,2017,1,5.045161290322581,5.845161290322579,1.7096774193548387,1.6161290322580646,3.6548387096774198,73.12903225806451
630,随州市,4213.0,2017,12,5.00967741935484,5.4483870967741925,0.0,1.42258064516129,4.8193548387096765,66.51612903225806
631,雅安市,5118.0,2017,1,8.319354838709678,9.138709677419355,0.6258064516129032,0.7516129032258064,1.4677419354838708,80.38709677419354
632,雅安市,5118.0,2017,12,8.632258064516128,8.98709677419355,0.3645161290322581,0.8580645161290323,2.070967741935484,74.35483870967742
633,青岛市,3702.0,2017,1,1.5645161290322576,1.987096774193548,1.4387096774193548,3.3645161290322583,4.532258064516129,67.29032258064517
634,青岛市,3702.0,2017,12,3.0129032258064523,2.5193548387096767,0.0,3.5870967741935487,5.729032258064515,53.74193548387096
635,鞍山市,2103.0,2017,1,-5.7548387096774185,-5.709677419354838,0.3161290322580645,2.22258064516129,5.651612903225808,50.12903225806453
636,鞍山市,2103.0,2017,12,-4.812903225806451,-5.841935483870968,0.012903225806451613,2.212903225806452,5.938709677419355,40.2258064516129
637,韶关市,4402.0,2017,1,12.906451612903226,14.748387096774195,1.696774193548387,2.2709677419354835,3.861290322580645,82.64516129032258
638,韶关市,4402.0,2017,12,11.509677419354837,13.129032258064516,0.6774193548387095,2.4064516129032256,4.687096774193548,73.09677419354837
639,马鞍山市,3405.0,2017,1,5.458064516129031,5.861290322580646,1.912903225806452,2.5193548387096776,4.22258064516129,70.06451612903226
640,马鞍山市,3405.0,2017,12,5.629032258064517,6.219354838709678,0.30645161290322576,2.0258064516129037,5.0838709677419365,63.354838709677416
641,驻马店市,4117.0,2017,1,3.009677419354839,3.483870967741935,0.8935483870967742,1.5354838709677419,3.3032258064516125,68.7741935483871
642,驻马店市,4117.0,2017,12,4.564516129032258,2.5806451612903225,0.04193548387096775,1.7322580645161294,5.677419354838709,50.064516129032256
643,鸡西市,2303.0,2017,1,-12.967741935483868,-8.993548387096773,0.03225806451612903,4.458064516129033,5.370967741935486,61.483870967741936
644,鸡西市,2303.0,2017,12,-14.961290322580645,-11.487096774193551,0.2774193548387097,4.4645161290322575,4.62258064516129,61.225806451612904
645,鹤壁市,4106.0,2017,1,1.035483870967742,1.0903225806451615,0.4645161290322581,1.9967741935483876,2.603225806451613,63.29032258064516
646,鹤壁市,4106.0,2017,12,2.2580645161290325,1.4193548387096775,0.06774193548387097,2.4354838709677415,4.716129032258063,41.451612903225815
647,鹤岗市,2304.0,2017,1,-16.2516129032258,-5.345161290322581,0.20322580645161287,2.0548387096774188,6.064516129032258,64.16129032258064
648,鹤岗市,2304.0,2017,12,-17.41290322580645,-10.064516129032256,0.32258064516129026,2.3354838709677415,5.238709677419354,67.70967741935483
649,鹰潭市,3606.0,2017,1,9.558064516129033,10.148387096774194,1.2741935483870963,2.2677419354838713,2.161290322580645,78.03225806451613
650,鹰潭市,3606.0,2017,12,8.329032258064514,8.90967741935484,1.1741935483870969,2.174193548387097,3.674193548387096,73.83870967741936
651,黄冈市,4211.0,2017,1,7.3838709677419345,7.767741935483871,2.0387096774193547,1.538709677419355,3.1516129032258062,75.0
652,黄冈市,4211.0,2017,12,6.848387096774196,6.55483870967742,0.5612903225806452,1.341935483870968,4.441935483870967,72.09677419354837
653,黄南藏族自治州,6323.0,2017,1,-4.412903225806452,-4.077419354838709,0.025806451612903226,1.738709677419355,6.645161290322582,40.41935483870968
654,黄南藏族自治州,6323.0,2017,12,-4.1677419354838685,-3.603225806451613,0.0967741935483871,1.867741935483871,7.016129032258062,38.74193548387097
655,黄山市,3410.0,2017,1,7.522580645161293,8.758064516129036,1.8451612903225807,1.1322580645161289,3.7903225806451606,79.25806451612904
656,黄山市,3410.0,2017,12,6.312903225806451,7.583870967741934,1.4935483870967745,1.035483870967742,3.9774193548387102,79.35483870967742
657,黄石市,4202.0,2017,1,7.3838709677419345,7.767741935483871,2.0387096774193547,1.538709677419355,3.1516129032258062,75.0
658,黄石市,4202.0,2017,12,6.848387096774196,6.55483870967742,0.5612903225806452,1.341935483870968,4.441935483870967,72.09677419354837
659,黑河市,2311.0,2017,1,-19.632258064516133,-9.648387096774195,0.17096774193548386,2.493548387096774,5.709677419354839,59.483870967741936
660,黑河市,2311.0,2017,12,-21.545161290322575,-9.583870967741936,0.15483870967741936,2.5064516129032253,4.796774193548386,60.838709677419345
661,黔东南苗族侗族自治州,5226.0,2017,1,6.654838709677419,7.4741935483870945,0.932258064516129,1.5096774193548388,0.5193548387096774,81.4193548387097
662,黔东南苗族侗族自治州,5226.0,2017,12,6.741935483870968,7.929032258064518,0.3548387096774193,1.2322580645161292,2.4161290322580644,73.74193548387096
663,黔南布依族苗族自治州,5227.0,2017,1,7.793548387096774,9.341935483870966,1.1193548387096772,1.6419354838709674,0.5935483870967742,79.48387096774194
664,黔南布依族苗族自治州,5227.0,2017,12,7.561290322580645,9.312903225806453,0.3387096774193548,1.5483870967741933,2.6193548387096777,71.64516129032258
665,黔西南布依族苗族自治州,5223.0,2017,1,9.390322580645158,10.425806451612903,1.0096774193548388,1.848387096774193,2.3,85.96774193548387
666,黔西南布依族苗族自治州,5223.0,2017,12,7.774193548387097,9.561290322580646,0.5419354838709678,1.6774193548387093,2.793548387096774,80.3225806451613
667,齐齐哈尔市,2302.0,2017,1,-16.925806451612903,-8.17741935483871,0.00967741935483871,1.9935483870967745,6.409677419354838,66.61290322580646
668,齐齐哈尔市,2302.0,2017,12,-18.016129032258057,-12.909677419354846,0.0967741935483871,1.7709677419354837,5.754838709677419,66.45161290322581
669,龙岩市,3508.0,2017,1,14.738709677419354,16.790322580645164,1.329032258064516,1.3387096774193548,3.8129032258064526,76.61290322580646
670,龙岩市,3508.0,2017,12,12.964516129032257,15.616129032258065,0.04838709677419355,2.0096774193548392,5.587096774193548,63.225806451612904
